<block name='ВЗК ПР' id='21' photoUri='ВЗК ПР.png'>
   <slides>
      <slide n='0' uri='images/0.png'>
         В состав блока входят линейные фильтры ФВЧ-6 и ФНЧ-6, фильтры ФНЧ-8, линейные трансформаторы ЛТ-1 и ЛТ-2, разрядники и другие устройства защиты аппаратуры.
      </slide>

      <slide n='1' uri='images/1.png'>
         Токи поступают на линейные трансформаторы ЛТ1 и ЛТ2.
      </slide>

      <slide n='2' uri='images/2.png'>
         Далее линейные фильтры ФВЧ-6 и ФНЧ-6 разделяют токи канальных сигналов (красный) и токи сигналов канала участковой связи (зелёный). После чего сигналы отправляются в блок КЛТ-1.
      </slide>

      <slide n='3' uri='images/3.png'>
         В среднюю точку линейной обмотки трансформатора ЛТ-2 через фильтр ФНЧ-8 подается ток дистанционного питания.
      </slide>

      <slide n='4' uri='images/4.png'>
         Фильтр ФНЧ-8 предназначен для устранения влияний между цепями передачи и приема кабеля через блок дистанционного питания.
      </slide>
   </slides>
</block>