<block name='КЛТ-1' id='22' photoUri='КЛТ-1.png'>
   <slides>
      <slide n='0' uri='images/0.png'>
         Блок КЛТ-1. Блок корректоров линейного тракта содержит:
         регулируемый удлинитель РУ;
         регулятор наклона РН;
         регулируемый линейный усилитель приема РУС-1;
         автоматический плоский регулятор усиления АРП;
         регулятор уровня РУ 0; +1; +2 км;
         устройство сигнализации исчерпания пределов регулирования УСИПР.
      </slide>

      <slide n='1' uri='images/1.png'>
         Из блока ВЗК ПР сигнал поступает на регулируемый усилитель (РУ). Он предназначен для изменения плоской составляющей вносимой усилительным участком при изменении его длины от 0 до 10 км.
         Пределы регулировки РУ составляют 42,5 дБ.
         При повороте оси переключателя от 0-ого до 10-ого положения затухание РУ уменьшается ступенями по 4,3±0,2 дБ.
      </slide>

      <slide n='2' uri='images/2.png'>
         Далее сигнал проходит через регулятор наклона (РН). Он предназначен для компенсации наклонной составляющей затухания прилегающего усилительного участка при изменении его длинны от 0 до 10 км.
         Максимальный наклон РН в положении переключателя 10 составляет не менее 25,5 дБ в полосе частот 12-232 кГц, характеристики РЦ изменяются ступенями по 2,6 дБ.
      </slide>

      <slide n='3' uri='images/3.png'>
         Затем сигнал попадает в регулируемый линейный усилитель приема РУС-1, который повышает уровень сигнала в приемном тракте и тем самым предотвращает понижение шумовой защищенности. В цепях отрицательной обратной связи усилителя предусмотрена возможность ручной (РУ - синий) и автоматической (АРП - зелёный) регулировки усиления. Рабочее усиление РУС-1 равно 25 дБ при среднем расположении регулятора АРП и выключенном РУ.
      </slide>

      <slide n='4' uri='images/4.png'>
         Автоматический плоский регулятор усиления АРП предназначен для компенсации плоской составляющей затухания, вносимого усилительным участком кабельной цепи при изменении температуры окружающей среды, и для компенсации плоской составляющей затухания, оставшейся после обработки автоматических регуляторов АРУ НУП секции питания.
         АРП управляется схемой управления (СУ) блока АРУП в режимах А, Б, П-301 или блока АРУ-64 в режиме П-302. Его пределы регулирования составляют не менее ±6дБ.
      </slide>

      <slide n='5' uri='images/5.png'>
         Регулятор уровня РУ 0;+1;+2 км предназначен совместно с РУ для изменения плоской составляющей затухания, вносимого цепью кабеля длинной 11 или 12 км.
         При длине усилительного участка, например 11 км, РУ 0; +1; +2 км устанавливается в положение +1, РУ - в положение, соответствующее 10 км.
      </slide>

      <slide n='6' uri='images/6.png'>
         Устройство сигнализации исчерпывания пределов регулирования УСИПР предназначено для осуществления сигнализации   в случае исчерпания пределов регулирования АРП (+6 дБ).
      </slide>
   </slides>
</block>