<block name='ИП-3 Передача' id='12' photoUri="2.jpg">
   <slides>
      <slide n='0' uri='images/120.png'>
         Оборудование индивидуального преобразования (ОИП), размещенное в восьми одинаковых блоках ИП-3, обеспечивает формирование 8 полос частот 3-канальных предгрупп 132,3 – 143,4 кГц из полос частот исходных сигналов 24 каналов ТЧ в тракте передачи и обратное преобразование полос частот сигналов в тракте приема.
      </slide>
      <slide n='1' uri='images/121.png'>
         С КНЧ разговорные токи поступают на оборудование  индивидуального преобразования в один из восьми блоков ИП-3, которые состоят из следующих устройств: ограничитель амплитуд ОА, индивидуальный модулятор передачи ИМ, канальные фильтры передачи КФ 132 – 136, КФ 136 – 140, КФ 140 – 144.
      </slide>
      <slide n='2' uri='images/122.png'>
         В тракте передачи каждого канала включен ограничитель амплитуд ОА, который предохраняет групповые и линейные устройства тракта передачи от перегрузки пиковыми значениями передаваемых сигналов. Рабочее затухание ОА равно 13 дБ.
      </slide>
      <slide n='3' uri='images/123.png'>
         Далее сигнал проходит через индивидуальный модулятор передачи ИМ, который обеспечивает преобразование полосы частот передаваемых сигналов канала в полосе частот 3-канальной предгруппы 132,3 – 143,4 кГц. В зависимости от порядкового номера канала ТЧ токи несущих частот ИМ имеют значения 132, 136 или 140 кГц. ИМ представляет собой активный балансный модулятор. Уровень остаточного тока несущей частоты на выходе ИМ не превышает -39 дБ.
      </slide>
      <slide n='4' uri='images/124.png'>
         На выходе ИМ включены канальные фильтры передачи КФ, которые, выделяя верхние боковые полосы частот на выходе ИМ, формируют ЭППЧ каналов ТЧ. Кроме того, КФ подавляют нижние боковые полосы частот, остаточные токи несущих частот и другие колебания, обеспечивая защищенность соседних каналов ТЧ от помех линейных переходов за счет неиспользуемых колебаний на выходе ИМ не менее 68 дБ. Остаточные токи несущих частот подавляются КФ не менее чем на 19 дБ. КФ являются электромеханическими фильтрами и имеют различные полосы пропускания в зависимости от порядкового номера канала ТЧ, а именно: КФ каналов 1, 4, 7, 10, 13, 16, 19 и 22-го имеют полосу пропускания 136,3 – 139 кГц; каналов 3, 6, 9, 12, 15, 18, 21, 24-го  – полосу пропускания 140,3  – 143,4 кГц.
      </slide>
      <slide n='5' uri='images/125.png'>
         Параллельная работа канальных фильтров обеспечивается подключением их через развязывающие резисторы R1 к предгрупповому модулятору, имеющему низкоомное входное сопротивление. При номинальном значении уровня сигнала на входе канала ТЧ  -123 дБ уровень этого сигнала на выходе 3-канальной предгруппы равен -36 дБ. С выхода ИП-3 (упаковка ОИП) токи 12-канальной груааы поступают в упаковку ПГП.
      </slide>
   </slides>
</block>