﻿<?xml version="1.0" encoding="utf-8" standalone="yes"?>
<Level title="PinkCave">
  <Player position="55,330" />
  <StaticObjects>
    <Block>
      <point value="5,2" />
      <point value="76,2" />
      <point value="76,588" />
      <point value="5,588" />
    </Block>
    <Block>
      <point value="151,2" />
      <point value="217,2" />
      <point value="217,400" />
      <point value="151,400" />
    </Block>
    <Block>
      <point value="76,471" />
      <point value="217,471" />
      <point value="360,508" />
      <point value="350,588" />
      <point value="76,588" />
    </Block>
    <Block>
      <point value="350,505" />
      <point value="580,505" />
      <point value="605,588" />
      <point value="350,588" />
    </Block>
    <Block>
      <point value="217,2" />
      <point value="384,2" />
      <point value="384,305" />
      <point value="350,435" />
      <point value="217,400" />
    </Block>
    <Block>
      <point value="384,2" />
      <point value="908,2" />
      <point value="908,202" />
      <point value="590,305" />
      <point value="384,305" />
    </Block>
    <Block>
      <point value="908,2" />
      <point value="1281,2" />
      <point value="1281,180" />
      <point value="908,202" />
    </Block>
    <Block>
      <point value="1281,2" />
      <point value="1390,2" />
      <point value="1390,220" />
      <point value="1330,340" />
      <point value="1281,340" />
    </Block>
    <Block>
      <point value="718,505" />
      <point value="950,440" />
      <point value="1025,440" />
      <point value="1025,588" />
      <point value="695,588" />
    </Block>
    <Block>
      <point value="1025,345" />
      <point value="1150,355" />
      <point value="1125,588" />
      <point value="1025,588" />
    </Block>
    <Block>
      <point value="1142,420" />
      <point value="1180,415" />
      <point value="1137,470" />
    </Block>
    <Block>
      <point value="1240,520" />
      <point value="1680,495" />
      <point value="1680,588" />
      <point value="1215,588" />
    </Block>
    <Block>
      <point value="1680,495" />
      <point value="1720,328" />
      <point value="1995,235" />
      <point value="1995,588" />
      <point value="1680,588" />
    </Block>
    <Block>
      <point value="1460,2" />
      <point value="1660,2" />
      <point value="1660,100" />
      <point value="1590,220" />
      <point value="1460,220" />
    </Block>
    <Block>
      <point value="1460,220" />
      <point value="1590,220" />
      <point value="1580,330" />
      <point value="1535,320" />
    </Block>
    <Block>
      <point value="1660,2" />
      <point value="1995,2" />
      <point value="1995,80" />
      <point value="1660,100" />
    </Block>
    <Block>
      <point value="1590,384" />
      <point value="1640,384" />
      <point value="1630,424" />
      <point value="1580,414" />
    </Block>
    <Spike>
      <point value="450,505" />
      <point value="465,460" />
      <point value="480,505" />
    </Spike>
    <Spike>
      <point value="480,505" />
      <point value="495,460" />
      <point value="510,505" />
    </Spike>
	<!--
    <Spike>
      <point value="510,505" />
      <point value="525,460" />
      <point value="540,505" />
    </Spike>
	-->
    <Spike>
      <point value="605,588" />
      <point value="620,545" />
      <point value="635,588" />
    </Spike>
    <Spike>
      <point value="635,588" />
      <point value="650,545" />
      <point value="665,588" />
    </Spike>
    <Spike>
      <point value="665,588" />
      <point value="680,545" />
      <point value="695,588" />
    </Spike>
    <Spike>
      <point value="1125,588" />
      <point value="1140,545" />
      <point value="1155,588" />
    </Spike>
    <Spike>
      <point value="1155,588" />
      <point value="1170,545" />
      <point value="1185,588" />
    </Spike>
    <Spike>
      <point value="1185,588" />
      <point value="1200,545" />
      <point value="1215,588" />
    </Spike>
    <Spike>
      <point value="1518,505" />
      <point value="1538,459" />
      <point value="1549,504" />
    </Spike>
    <Spike>
      <point value="1647,498" />
      <point value="1662,448" />
      <point value="1678,496" />
    </Spike>
    <Spike>
      <point value="1240,521" />
      <point value="1255,477" />
      <point value="1268,520" />
    </Spike>
    <Spike>
      <point value="1374,513" />
      <point value="1390,464" />
      <point value="1405,512" />
    </Spike>
    <Spike>
      <point value="1405,512" />
      <point value="1419,463" />
      <point value="1430,510" />
    </Spike>
    <Spike>
      <point value="1348,304" />
      <point value="1388,315" />
      <point value="1361,274" />
    </Spike>
    <Spike>
      <point value="1514,292" />
      <point value="1475,311" />
      <point value="1497,269" />
    </Spike>
    <Spike>
      <point value="1496,268" />
      <point value="1446,292" />
      <point value="1476,239" />
    </Spike>
    <Spike>
      <point value="1389,222" />
      <point value="1425,252" />
      <point value="1374,247" />
    </Spike>
    <Spike>
      <point value="1585,261" />
      <point value="1631,253" />
      <point value="1588,238" />
    </Spike>
    <Spike>
      <point value="1613,178" />
      <point value="1664,193" />
      <point value="1630,151" />
    </Spike>
    <Spike>
      <point value="1075,192" />
      <point value="1094,230" />
      <point value="1109,190" />
    </Spike>
    <Spike>
      <point value="980,440" />
      <point value="1000,395" />
      <point value="1015,440" />
    </Spike>
    <Spike>
      <point value="949,440" />
      <point value="971,395" />
      <point value="981,440" />
    </Spike>
    <Spike>
      <point value="1807,297" />
      <point value="1825,242" />
      <point value="1840,287" />
    </Spike>
    <Spike>
      <point value="1755,316" />
      <point value="1772,252" />
      <point value="1792,304" />
    </Spike>
    <Spike>
      <point value="1791,300" />
      <point value="1798,259" />
      <point value="1808,295" />
    </Spike>
    <Spike>
      <point value="1647,497" />
      <point value="1638,449" />
      <point value="1616,499" />
    </Spike>
    <Spike>
      <point value="1149,356" />
      <point value="1137,306" />
      <point value="1113,352" />
    </Spike>
    <Coin position="460,380" type="Golden" />
    <Coin position="490,380" type="Golden" />
    <Coin position="617,406" type="Silver" />
    <Coin position="665,406" type="Silver" />
    <Coin position="776,368" type="Golden" />
    <Coin position="862,345" type="Golden" />
    <Coin position="1135,233" type="Golden" />
    <Coin position="1176,236" type="Golden" />
    <Coin position="1247,402" type="Silver" />
    <Coin position="1402,353" type="Golden" />
    <Coin position="1477,467" type="Silver" />
    <Coin position="1569,463" type="Golden" />
    <Coin position="1596,463" type="Golden" />
    <Coin position="1645,223" type="Golden" />
    <Coin position="1790,204" type="Golden" />
    <Coin position="1859,122" type="Silver" />
    <Coin position="1940,113" type="Silver" />
	<BonusLife position="475,420" />
	<Monster position="170,443" patrol="170,430" />
	<Monster position="717,463" patrol="727,930" />
  </StaticObjects>
</Level>