<block name='ПО Пер и ППГ Пер' id='15' photoUri='5.jpg'>
   <slides>
      <slide n='0' uri='images/150.png'>
         Оборудование сопряжения (ОС) обеспечивает преобразование полосы частот одной ОПГ в полосу частот 12 – 60 кГц и ее объединение с полосой частот второй ОПГ для получения полос частот 12 – 108 кГц в тракте передачи и обратное преобразование и разделение полос частот в тракте приема. Устройства трактов передачи ОС размещены в блоках ППГ ПЕР и ПО ПЕР, а трактов приема – в блоках ППГ ПР и ПО ПР.
      </slide>
      <slide n='1' uri='images/151.png'>
         Красный и синий:
         В блоки По ПЕР и ППГ ПЕР сигнал поступает из двух блоков ПГП.
         Зеленый:
         Из блока управления поступает ток сигнала КЧ 84,14 кГц.
         Описание тракта:
         В состав тракта передачи первой ОПГ входят: усилитель УС 60-108 и дифсистемы ДС1 и ДС3. Они расположены в блоке ПО ПЕР.
         В состав тракта передачи второй ОПГ входят следующие устройства: групповые модуляторы передачи ГМ1 и ГМ2, фильтры нижних частот ФНЧ-60 и ФНЧ-125, полосовой фильтр ПФ 504 – 552, дифсистема ДС2, устройство прерывания УП ПЕР. Они расположены в блоке преобразования первичной группы ППГ ПЕР.
      </slide>
      <slide n='2' uri='images/152.png'>
         Далее ток КЧ 84,14 кГц поступает в УП ПЕР. Устройство передачи в тракте передачи УП ПЕР относится к системе функционального контроля и сигнализации. Оно предназначено для модуля-ции колебанием частотой 0,38 Гц вводимого в тракт передачи ОПГ тока КЧ 84,14 кГц. Управление устройством УП ПЕР осуществляется сигналами, поступающими от блока АРУ 84,14.
         При номинальном значении принимаемого тока КЧ 84,14 кГц сигнала из блока управления  из блока АРУ 84,14 нет, в тракт передачи ОПГ поступает немодулированный ток КЧ 84,14 кГц.
         При попадании от противоположной станции тока КЧ 84,14 кГц или его уменьшении более чем на 17 дБ, находящееся в тракте устройство АРУ 84,14 блокируется и выдает в УП ПЕР модулирующее колебание с частотой 0,38 Гц (модуляция в обратном направлении). Эта модуляция модулирует вводимый в тракт передачи ОПГ ток КЧ 84,14 кГц.
         Прием данной станцией модулированного тока КЧ 84,14 кГц является сигналом о том, что поступающий от нее в линию ток КЧ 84,14 кГц до проти-воположной станции не доходит.
      </slide>
      <slide n='3' uri='images/153.png'>
         Далее ток поступает на переменный резистор для регулировки уровня вводимого в тракт передачи ОПГ тока КЧ 84,14 кГц.
      </slide>
      <slide n='4' uri='images/154.png'>
         Как на ДС1, так и на ДС2 поступают токи КЧ 84,14 кГц и сигнальные токи с ПГП. ДС1 и ДС2 обеспечивают ввод в тракт передачи тока КЧ 84,14 кГц. Они является неуравновешенными неравноплечими дифсистемами, выполнены на одном трансформаторе. В направлении прохождения сигналов ОПГ ДС1 и ДС2 вносят затухание не более 1,3 дБ.
      </slide>
      <slide n='5' uri='images/155.png'>
         Фиолетовый:
         Сигнал первой ОПГ проходит через усилитель УС 60-108, который обеспечивает необходимую шумовую защищен-ность сигналов в полосе частот 60,6-107,7 кГц, усиливая их до уровня минус 36 дБ по мощности на выходе блока ПО ПЕР. Рабочее усиление усилителя 6 дБ, входное и выходное сопротивления равны 150 Ом.
         Желтый:
         Сигнал второй ОПГ проходит через фильтр нижних частот ФНЧ-125, который включен на входе ГМ1 и обеспечивает подавление токов частот 312 кГц и выше не менее чем на 30 дБ, а полосы ча-стот 420 – 612 кГц не менее чем на 55 дБ. ФНЧ-125 выполнен на элементах LC, рассчитан на номинальное сопротивление нагрузки 150 Ом.
      </slide>
      <slide n='6' uri='images/156.png'>
         Далее сигнал второй ОПГ проходит через групповой модулятор передачи ГМ1, который обеспечивает преобразование сигналов с полосой частот 60,6 – 107,7 кГц второй ОПГ с помощью тока несущей частоты 444 кГц в полосу частот 504,6 – 551,7 кГц. ГМ1 является активным модулятором, выполнен по двойной балансной схеме.
      </slide>
      <slide n='7' uri='images/157.png'>
         Следующим сигнал второй ОПГ проходит полосовой фильтр ПФ 504 – 552, который включен между модуляторами передачи ГМ1 и ГМ2. Он предназначен для выделения токов верхней боковой полосы частот на выходе ГМ1 и обеспечивает подавление слева от полосы пропускания остатка тока несущей частоты 444 кГц не менее чем на 55 дБ, токов преобразуемой полосы частот 60,0 – 107,7 кГц не менее чем на 65 дБ, токов неиспользуемой нижней боковой полосы частот 336,3 – 383,4 кГц не менее чем на 80 дБ. Справа от пропускания ПФ 504-552 обеспечивает подавление тока частоты 612 кГц не менее чем 55 дБ, токов частот 1284 кГц и выше  не менее чем на 80 дБ. Фильтр выполнен на элементах LC, рассчитан на номинальное сопротивление нагрузки со стороны входа 800 Ом, а со стороны выхода – 150 Ом.
      </slide>
      <slide n='8' uri='images/158.png'>
         Далее сигнал второй ОПГ проходит групповой модулятор передачи ГМ2, который обеспечивает преобразование сигналов с полосой частот 504,6 – 551,7 кГц с помощью тока несущей частоты 564 кГц в полосу частот 12,3 – 59,4 кГц.
      </slide>
      <slide n='9' uri='images/159.png'>
         Затем сигнал второй ОПГ проходит через фильтр нижних частот ФНЧ-60, который включен на выходе ГМ2. Он обеспечивает выделение колебаний в полосе частот 12,3 – 59,4 кГц и подавляет остаток тока несущей частоты 564 кГц не менее чем на 55 дБ, а ток верхней боковой полосы частот 1068 – 1116 кГц не менее чем на 65 дБ.
      </slide>
      <slide n='10' uri='images/1510.png'>
         Затем сигналы первой и второй ОПГ попадают на дифсистему ДС3, которая предназначена для объединения трактов передачи первой и второй ОПГ. Она является равноплечной неуравновешенной дифсистемой, выполнена на трансформаторе. В направлениях прохождения сигналов с полосами частот 12,3-59,4 кГц и 60,6-107,7 кГц ДС3 вносит затухание не более 4 дБ.
         Далее через гнезда коммутации сигналов на выходе общего тракта передачи с гравировкой ПО ЛО сигнал попадает на линейное оборудование.
      </slide>
   </slides>
</block>