<block name="Тракт приема канала ШК-12" id="24" photoUri="sk-12-pr.jpg">
  <slides>

    <slide n="0" uri="sk12_0.png">
        Оборудование формирования и транзита обеспечивает преобразование сигналов с полосой частот  канала ШК-12 в полосу частот трехканальной группы 132,3-143,4 кГц в тракте передачи и обработанное преобразование сигналов в тракте приема.
    </slide>

    <slide n="1" uri="sk12_1.png">
        Токи поступают из тракта приема оборудования ПГП на передней панели которого установлены перемычки ПР КТЧ-ПРГТ в положение ПРГТ соответствующих групп 1, 2, 3 и 4.
    </slide>

    <slide n="2" uri="sk12_2.png">
        Принимаемые сигналы от блока ПГП поступают на гнезда ВХ.КФО блока ВВОД ПРГТ.
    </slide>

    <slide n="3" uri="sk12_3.png">
        Полосовой фильтр ПФ 132-144, выделяя сигналы в полосе частот 132,3-143,4 кГц, подавляет колебания в полосе частот 96-108 кГц не менее чем на 72 дБ, а в полосе частот 336-500 кГц не менее чем на 77 дБ. Номинальное сопротивление нагрузок 150 Ом.
    </slide>
    <slide n="4" uri="sk12_4.png">
        Модулятор приема ДШК предназначен для преобразования сигналов в полосе частот 3-канальной предгруппы 132,3-143,4 кГц с помощью тока несущей частоты 120 кГц в полосу частот 12,3-23,4 кГц.
    </slide>

    <slide n="5" uri="sk12_5.png">
        Полосовой фильтр ПФ 12-24 предназначен для выделения сигналов в полосе частот 12,3-23,4 кГц на выходе модулятора приема ДШК. Электрические характеристики фильтра такие же, как и у фильтра ПФ 12-24 в тракте передачи канала ШК-12.
    </slide>

    <slide n="6" uri="sk12_6.png">
        Корректор КАЧХ предназначен для компенсации АМ искажений, вносимых фильтром ПФ 12-24.
    </slide>

    <slide n="7" uri="sk12_7.png">
        Корректор КГВП1 предназначен для компенсации ФЧ искажений, вносимых фильтром ПФ 12-24.
    </slide>

    <slide n="8" uri="sk12_8.png">
        Усилитель УС 12-24, компенсирует затухания предшествующих устройств, обеспечивает необходимую защищенность сигналов от шумов на выходе канала ШК-12.
    </slide>

    <slide n="9" uri="sk12_9.png">
        Удлинитель У8 обеспечивает получение заданной диаграммы уровней тракта приема канала ШК-12.
    </slide>

    <slide n="10" uri="sk12_10.png">
        Корректор КГВП2 предназначен для компенсации ФЧ искажений, вносимых устройствами канала ШК-12.
    </slide>

    <slide n="11" uri="sk12_11.png">
        Усилитель УС 12-24ПР обеспечивает номинальное значение уровня сигналов на выходе тракта приема КФО минус 11,9 дБ.
    </slide>

    <slide n="12" uri="sk12_12.png">
        С выхода блока ПРГ ПР сигналы поступают на вход устройств тракта приема РЕЖ. ПРГТ.
      Регулятор уровня РУ предназначен для изменения уровня сигнала на входе канала ШК-12 относительно номинального значения в пределах 0-4,2 дБ ступенями через 0,7 дБ.
    </slide>

    <slide n="13" uri="sk12_13.png">
        С выхода регулятора РУ при работе канала ШК-12 в режиме 1 сигналы проходят через удлинители У1 или У3.
      Удлинитель У1 (У4) обеспечивает номинальное значение уровня сигналов на выходе канала ШК-12 минус 24 дБ.
    </slide>

    <slide n="14" uri="sk12_14.png">
        С выхода блока РЕЖ. ПРГТ сигналы через гнезда ВЫХ.КФО блока КОММ.ПРГТ коммутируются на гнезда СЛ или СЛ СТ и поступают в соседнюю линию.
      При использовании образованного канала ШК-12 внутри аппаратной, гнезда ВХ. КФО и ВЫХ. КФО блока КОММ. ПРГТ коммутируются на гнезда СЛ СТ. Если образованный канал ШК-12 передается потребителю или для выполнения транзита в другую аппаратную, то эти же гнезда ВХ. КФО и ВЫХ. КФО коммутируется на гнезда СЛ.
    </slide>
  </slides>
</block>