<block name="КНЧ" id="100" photoUri="100.jpg">
  <slides>

    <slide n="0" uri="knc_0.png">
        На входе и выходе каждого канала ТЧ имеется устройство коммутации. Оно предназначено для установки четырехпроводного канала в требуемый режим его работы.
    </slide>

    <slide n="1" uri ="knc_1.png">
        Оконечный (ОК) – основной режим работы канала ТЧ. В этом режиме каналы используются для закрытой телефонной связи, для включения аппаратуры тонального телеграфирования, передачи данных, факсимильной связи. Для установки этого режима необходимо переключатель данного канала на блоке КНЧ установить в положение ОК. В этом режиме работы, поступающие на вход канала сигналы должны иметь относительный уровень +4 дБ.
    </slide>

    <slide n="2" uri ="knc_2.png">
        Транзитный ТР1 – транзитный режим работы каналов. В этот режим каналы переводятся при образовании составного канала, т. е. при транзитном соединении каналов в пункте транзита (или в пункте выделения).
      При условии, что соединительные линии короткие, т. е. не вносят затухание, для установки каналов в режим ТР1 необходимо переключатели данных каналов установить в положение ТР1. При этом на входе каналов включаются транзитные удлинители с затуханием 17 дБ. В этом случае сигналы на входы каналов в пункте транзита должны поступать с относительным уровнем +4 дБ.
      Режим ТР1 используется при транзитном соединении каналов образуемых аппаратурой, размещенной в одной аппаратной (в одном помещении).
    </slide>

    <slide n="3" uri="knc_3.png">
        Транзитный ТР2 – транзитный режим работы каналов. используется при транзитном соединении каналов, образуемых в разных аппаратных. При установке переключателей на блоках КНЧ в положение ТР2 на входе каналов включаются транзитные удлинители У2 с затуханием 15 дБ. В этом случае в пункте транзита на входы каналов сигналы должны поступать с относительным уровнем +2 дБ. Так как в пункте транзита на выходе каналов сигналы имеют уровень +4 дБ, то 2 дБ отводится на затухание соединительных линий, т. е. затухание соединительных линий, которыми выполняется транзит каналов, не должно превышать 2 дБ.
    </slide>

    <slide n="4" uri="knc_4.png">
        ПВУ – режим подключения переговорновызывного устройства к каналу или к четырехпроводной соединительной линии. При этом обеспечивается возможность посылки вызова и ведение разговора в обе стороны одновременно или поочередно, а также прием вызова со стороны канала (соединительные линии) при ведении разговора в сторону соединительной линии (канала).
      Для обеспечения этого режима необходимо переключатель данного канала на блоке КНЧ установить в положение ПВУ, на блоке ПВУ-О (моноблок   СС-О) нажать кнопку КТЧ, а затем кнопки КАН или СЛ и ВЫЗ. СТ.
      Если необходимо вести разговор в обе стороны одновременно то после нажатия кнопки КТЧ, нужно нажать кнопку ОБЩ, а затем ВЫЗ. СТ. При установке любого канала в режим ПВУ на передней панели блока КНЧ загорается светодиод с гравировкой ЗАН. ПВУ.
    </slide>

    <slide n="5" uri="knc_5.png">
      А.ОТВ – режим приема вызова и автоответа устанавливается переводом переключателя режимов каналов положение А.ОТВ. Режим А.ОТВ служит для проверки исправности канала, которая выполняется следующим образом.
      Механик оконечной станции просит механика противоположной станции установить проверяемый канал  в режим А.ОТВ, а СА посылает вызов по этому каналу. Если механик противоположной станции установил указанный канал в режим А.ОТВ, то на выходе канала срабатывает ПТВ, который запускает подключенный ко входу канала генератор А.ОТВ.
      Сигнал от генератора А.ОТВ поступит на телефон ПВУ пославшего вызов механика и он убеждается в исправности данного канала ТЧ. При установке любого канала в режим А.ОТВ на передней панели соответствующего блока КНЧ должен загораться светодиод с гравировкой ЗАН. А.ОТВ, а при поступлении вызывного сигнала с противоположной станции и срабатывании ПТВ – светодиод с гравировкой ВЫЗ.
    </slide>
  </slides>
</block>