<block name='ПР-3' id='16' photoUri='11.png'>
   <slides>
      <slide n='0' uri='110.png'>
         Блок приема ПР-3 обеспечивает необходимый уровень на выходе моноблока ЛО. Для контроля выходного уровня на передней панели блока расположены контрольные гнезда.
      </slide>
      <slide n='1' uri='111.png'>
         С выхода блока режекторных фильтров РФ токи поступают на блок приема ПР-3.
      </slide>
      <slide n='2' uri='112.png'>
         Далее токи проходят через симметрирующий трансформатор ТР, обеспечивающий симметричный вход усилителя УС 12-252.
      </slide>
      <slide n='3' uri='113.png'>
         Далее токи проходят через усилитель УС 12-252, который предотвращает чрезмерное снижение уровня сигнала в тракте приема, повышая его шумовую защищенность. Рабочее усиление равно 36 дБ. Номинальный уровень сигнала на выходе усилителя равен минус 4,1 дБ. Номинальное значение выходного сопротив-ления усилителя 150 Ом.
      </slide>
      <slide n='4' uri='114.png'>
         Далее токи проходят через симметрирующий трансформатор ТР, обеспечивающий симметричный выход усилителя УС 12-252.
      </slide>
   </slides>
</block>