<block name='КЛТ-2' id='23' photoUri='КЛТ-2.png'>
   <slides>
      <slide n='0' uri='images/0.png'>
         Блок корректоров, линейного тракта КЛТ-2 содержит:
         корректоры линейные КЛ+1 км и КЛ+2 км;
         регулятор уровня и регулятор наклона (дополнительные) РУ-Д и РН-Д
         автоматические корректоры наклона АКН-Н и АКН-В;
         усилитель УС-Н;
         корректор линейный КЛ+3 км, удлинители У10, У11 и У13.
      </slide>

      <slide n='1' uri='images/1.png'>
         При попадании в блок КЛТ-2 сигнал может быть откорректирован линейными корректорами КЛ+1 км и +2 км (дополнительные). Они совместно с ручным регулятором наклона РН, расположенным в  блоке КЛТ-1, предназначены для коррекции наклонной составляющей искажений АЧХ в полосе частот 12 - 233 кГц при изменении длины усилительного участка от 10 до 12 км. Корректоры одинаковы, каждый из них в рабочей полосе частот обеспечивает коррекцию наклонной составляющей величиной не менее 2,5 дБ.
         Включение и выключение КЛ+1 км и КЛ+2 км осуществляется путем установки перемычки  на передней панели блока в соответствующее положение.
      </slide>

      <slide n='2' uri='images/2.png'>
         Далее сигнал проходит через удлинитель У10 с затуханием 15,8 Дб, после чего корректируется регулятором уровня РУ-Д и регулятором наклона РН-Д.
      </slide>

      <slide n='3' uri='images/3.png'>
         Регулятор уровня и регулятор наклона (дополнительные) РУ-Д и РН-Д предназначены для изменения плоской и наклонной составляющих затухания, вносимых усилительным участком длиной 0,5 км при температуре окружающей среды +10°С.
         Включение РУ-Д и РН-Д предусматривается в тех случаях, когда длины усилительных участков составляют 0,5; 2,5 км и т.д. до 12,5 км в полосе частот 12 - 232 кГц и до 15,5 км в полосе частот 12 - 64 кГц. То есть РУ-Д и РН-Д переключаются перемычками (положения 0,+0,5 км) и служат для осуществле¬ния ручного регулирования с точностью 0,5 км.
         РУ-Д позволяет расширить пределы регулирования основного РУ на 2,7 дБ.
         РН-Д представляет собой коммутируемый амплитудный корректор, который увеличивает наклон основного РН на 1,2 дБ.
      </slide>

      <slide n='4' uri='images/4.png'>
         Отрегуллированный сигнал поступает на усилитель Уc-Н. Он предназначен для компенсации затухания, вносимого дополнительными элементами коррекции и регулировки плоской и наклонной составляющих АЧХ линейного тракта, а именно КЛ+1 км, КЛ+2 км, АКН, РУ-Д, РН-Д.
         Его рабочее усиление равно 27 дБ, номинальный уровень сигнала на выходе усилителя равен минус 18 дБ.
      </slide>

      <slide n='5' uri='images/5.png'>
         Удлинители У11 (8 дБ) и У13 (8,3 дБ) предназначены для обеспечения требуемой диаграммы уровней.
      </slide>

      <slide n='6' uri='images/6.png'>
         Магистральный корректор МК предназначен для компенсации при необходимости регулярных искажений, обусловленных неточностью коррекции затухания кабельной цепи корректирующими устройствами линейного оборудования обслуживаемых и необслуживаемых пунктов.
         В блоке предусмотрены гнезда для включения ПК, а при положении перемычек в положении МК ВЫКЛ включается удлинитель У12 с затуханием 8 дБ для обеспечения требуемой диаграммы уровней.
      </slide>

      <slide n='7' uri='images/7.png'>
         Далее при необходимости сигнал может быть откорректирован линейным корректором КЛ П-302+3 км.
         Он состоит из каскадно соединенных Т-образных четырехполюсников первого и второго порядков. Его частотная характеристика корректирует затухание цепи кабеля П-296 длиной 3 км в диапазоне частот     12 – 64 кГц при температуре +10С.
      </slide>

      <slide n='8' uri='images/8.png'>
         Автоматические корректоры наклона АКН-В (в режиме А) и АКН-Н (в режимах Б, П-З01 и П-302) предназначены для автоматической коррекции наклонной составляющей затухания, вносимого прилегающим усилительным участком в рабочем диапазоне температур. Кроме того, они осуществляют коррекцию регулярных, переменных во времени амплитудно-частотных (АЧИ) искажений, остающихся после отработки автоматических корректоров НУПов на секции ДП.
         Пределы регулирования АКН-Н и АКН-В да наклону в рабочей полосе частот составляют не менее ±4,3 дБ.
         В схеме блока предусмотрена возможность отключения дополнительных корректоров АКН-Н и АКН-В путем установки перемычки на второй плате блока в положение АКН ВЫКЛ с одновременным включением удлинителя У10 с затуханием 15,8 дБ.
      </slide>
   </slides>
</block>