<block id="14" name="РФ" photoUri="rf.jpg">
   <slides>
      <slide n="0" uri="rf_0.png">
         Блок режекторных фильтров РФ предназначен для защиты токов линейных контрольных частот 16, 32, 64, 104 кГц от остатков токов несущих частот, совпадающих с ними, и от шумов предшествующих устройств.
         Он рассчитан на работу между нагрузочными сопротивлениями номиналом 150 Ом.
      </slide>
      <slide n="1" uri="rf_1.png">
         Удлинитель У1 с затуханием 4,5 дБ предназначен для увеличения затухания несогласованности входного сопротивления блока РФ в рабочих по-лосах частот до 20дБ  и реализации требуемой диаграммы уровней.
      </slide>
      <slide n="2" uri="rf_2.png">
         Фильтры  РФ-16, РФ-32, РФ-64, РФ-104 вносят затухание на контроль-ных частотах относительно затухания на рабочих частотах не менее 28 дБ.
      </slide>
      <slide n="3" uri="rf_3.png">
         Амплитудный корректор АК корректирует искажения АЧХ, вносимые в тракт передачи фильтром РФ-16.
      </slide>
   </slides>
</block>