<block name="ПГП Прием" id="23" photoUri="pgp.jpg">
  <slides>
    <slide n="0" uri="opgp_0.png">
        Обеспечивает преобразование полос частот 8 3-канальных предгрупп в полосы частот 2 основных первичных групп в тракте передачи и обратное преобразование полос частот в тракте приема.
    </slide>

    <slide n="1" uri="opgp_2.png">
        Полосовой фильтр ПФ 60 – 108 ограничивает спектр частот, поступающих на предгрупповые модуляторы приема ПГД. Имея затухание в полосе пропускания 60,6 – 107,7 кГц не более 0,8 дБ, подавляет колебания в полосах частот 132,3 – 143,4 кГц и 336,3 – 383,4 кГц не менее чем на 50 и 35 дБ соответственно.
      Фильтр ПФ 60 – 108 выполнен на элементах LC по неуравновешенной схеме и рассчитан на номинальное сопротивление нагрузки 600 Ом.
    </slide>

    <slide n="2" uri="opgp_3.png">
        Предгрупповые модуляторы приема ПГД предназначены для преобразования сигналов с полосой частот ОПГ 60,6 – 107,7 кГц в четыре полосы частот 3-канальной предгруппы 132,3 – 143,4 кГц с использованием токов несущих частот 240, 228, 216 и 204 кГц.
      Параллельное подключение модуляторов ПГД к выходу ПФ 60 – 108 обеспечивается с помощью развязывающих резисторов R4. Все ПГД одинаковы и представляют собой активные модуляторы, выполненные по двойной балансной схеме.
    </slide>

    <slide n="3" uri="opgp_4.png">
        Усилитель УС 132 – 144 обеспечивает номинальное значение уровня сигналов 3-канальной предгруппы на выходе тракта приема ОПГП -36 дБ. Усиление усилителя равно 12,5 дБ. С выхода усилителя сигналы поступают в ОИП или в оборудование формулирования и транзита широкополосных каналов.
    </slide>

    <slide n="4" uri="opgp_5.png">
        На выходе блока ПГП сигналы поступают в блоки ИП-3 или в блок Ввод ПРГТ Прием в соответствии с установленными на передней панели блока ПГП перемычками ПР КТЧ-ПРГТ группы 1,2,3 и 4.
    </slide>
  </slides>
</block>