<block name='Тракт передачи канала ШК-12' id='14' photoUri='4.jpg'>
   <slides>
      <slide n='0' uri='images/140.png'>
         Оборудование формирования и транзита обеспечивает преобразование сигналов с полосой частот  канала ШК-12 в полосу частот трехканальной группы 132,3-143,4 кГц в тракте передачи. Оборудование канала ШК-12 конструктивно размещено в блоках:ВВОД ПРГТ- в моноблоке ПГ; КОММ. ПРГТ, РЕЖ. ПРГТ – в моноблоке ПО ЩКВЧ; КФ 12-24, ПРГ ПЕР, ПРГ ПР – в моноблоке КФО ПРГ. Подключение оборудования, размещенного в указанных блоках, к трактам передачи и приема оборудования ПГП осуществляется установкой на передней панели блока ПГП перемычек ПЕР КТЧ-ПРГТ и ПР КТЧ-ПРГТ соответствующей группы 1,2,3 или 4 в положение ПРГТ.
      </slide>
      <slide n='1' uri='images/141.png'>
         Передаваемые сигналы в полосе частот 12,3-23,4 кГц и уровнем минус 24 дБ или минус 36 дБ поступают на вход канала ШК-12 – гнезда 1,2,3 или 4СЛ направления ПЕРЕДАЧА блока КОММ.ПРГТ. Через 6-контактную пе-ремычку сигналы проходят гнезда ВХ.КФО и попадают в блок РЕЖ.ПРГТ.
      </slide>
      <slide n='2' uri='images/142.png'>
         Удлинители У3 и У4 с затуханием по 12 дБ собраны по П-образной уравновешенной схеме и рассчитаны на номинальное входное и выходное сопротивления 600 Ом. В зависимости от уровня сигналов на входе канала КШ-12 он устанавливается в тот из режимов 1 или 2, который обеспечивает уровень сигнала минус 36 дБ на входе каналоформирующего оборудования.
      </slide>
      <slide n='3' uri='images/143.png'>
         Устройства трактов передачи каналоформирующего оборудования конструктивно размещены в блоках КФ 12-24 и ПРГ ПЕР. В состав этих блоков входят следующие составляющие: полосовые фильтры ПФ 12-24 и ПФ 132-144; постоянные корректоры КАЧХ1, КАЧХ2 и КГВМ; усилитель УС 12-24; модулятор передачи широкополосного канала МШК; удлинитель У17.
      </slide>
      <slide n='4' uri='images/144.png'>
         Далее сигнал проходит удлинитель У17 с затуханием 4 дБ.
      </slide>
      <slide n='5' uri='images/145.png'>
         После удлинителя сигнал проходит через полосовой фильтр ПФ 12-24, который предназначен для формирования полосы частот канала ШК-12. Затухание в полосе пропускания не более 0,6 дБ, в полосах задерживания не менее 65 дБ.
      </slide>
      <slide n='6' uri='images/146.png'>
         Далее сигнал проходит через корректор КАЧХ1, который предназначен для компенсации АМ искажений, вносимых фильтром ПФ 12-24.
      </slide>
      <slide n='7' uri='images/147.png'>
         Следующим блоком, через который сигнал проходит, является корректор КГВП, который предназначен для компенсации ФЧ искажений, вносимых фильтром ПФ 12-24.
      </slide>
      <slide n='8' uri='images/148.png'>
         Далее сигнал проходит через усилитель УС 12-24, который обеспечивает номинальное значение уровня сигнала на выходе тракта передачи канала ШК-12 минус 36 дБ. Рабочее усиление усилителя равно 15 дБ, входное и выходное сопротивления равны по 600 Ом.
      </slide>
      <slide n='9' uri='images/149.png'>
         Следующий блок - корректор КАЧХ2, который обеспечивает компенсацию АЧ искажений, вносимых устройствами тракта передачи канала ШК-12.
      </slide>
      <slide n='10' uri='images/1410.png'>
         Далее сигнал проходит через модулятор передачи широкополосного канала МШК.
      </slide>
      <slide n='11' uri='images/1411.png'>
         Далее сигнал проходит через полосовой фильтр ПФ 132-144, который предназначен для выделения токов верхней боковой полосы частот 132,3-143,4 кГц на выходе модулятора МШК и обеспечивает подавление токов полосы частот 96-108 кГц  не менее чем на 72 дБ, а полосы частот 108-120 кГц не менее чем на 43 дБ.
      </slide>
      <slide n='12' uri='images/1412.png'>
         С выхода блока КФО ПРГ сигнал проходит через перемычки КФО и Резисторы R5 и R6. Далее сигнал, через перемычку КТЧ ПРГТ попадает в блок ПГП на модулятор ПГМ.
      </slide>
   </slides>
</block>