<block name='ОПУ' id='24' photoUri='opu.jpg'>
   <slides>
      <slide n='0' uri='images/1.png'>
         С помощью блока определения поврежденного участка определяется номер поврежденного усилительного участка и характер повреждения (обрыв, короткое замыкание - КЗ) при количестве участков в полусекции ДП от I до 6 (от I до 5 НУП).
      </slide>

      <slide n='1' uri='images/2.png'>
         В соответствии с этим схема ОПУ имеет 12 пороговых устройств ПУ.
      </slide>

      <slide n='2' uri='images/3.png'>
         На выходе каждого из них включен светодиод, обозначающий характер повреждения и номер поврежденного участка.
      </slide>

      <slide n='3' uri='images/1.png'>
         Все пороговые устройства выполнены по одинаковой схеме на микросхемах. С помощью делителя напряжения устанавливается необходимый порог срабатывания каждого ПУ.
         Конструктивно элементы блока ОПУ размещены на двух платах.
      </slide>
   </slides>
</block>