<block id="13" name="ПРОВ" photoUri="prov.jpg">
   <slides>
      <slide n="0" uri="prov_0.png">
         В состав блока входит оборудование, необходимое для соединения выхода тракта передачи со входом тракта приема при проверке работоспособности аппаратуры.
      </slide>
      <slide n="1" uri="prov_1.png">
         При подключении тракта передачи аппаратуры к тракту приема в режиме А.
         Удлинитель У5 с затуханием 41,4 дБ применяется для согласования уровней.
         Удлинитель рассчитан так, чтобы суммарное затухание У5+ЛГМ+ПФ 125-232 ПЕР было равно затуханию кабеля П-296 длиной 11 км на частоте f =232 кГц при t=+10°С с учетом затухания двух фильтров ФВЧ-6.
         Полосовой фильтр ПФ 125-232, предназначенный для выделения сигналов верхней полосы частот 125-232 кГц, а также линейный групповой модулятор приема ЛГД для преобразования сигналов этого спектра с помощью несущей частоты 244 кГц в нижнюю полосу частот 11-119 кГц.
      </slide>
      <slide n="2" uri="prov_2.png">
         При подключении тракта передачи аппаратуры к тракту приема в режиме B.
         Удлинитель У7 с затуханием 42,7 дБ применяется для согласования уровней.
         Фильтр ФНЧ-120 предназначен для подавления неиспользуемых продуктов преобразования на выходе линейного приема в режиме А и отфильтровки верхних составляющих в других режимах работы аппаратуры (прием полосы частот 11-119 кГц).
         Линейный групповой модулятор приема ЛГД предназначен для преобразования сигналов с помощью несущей частоты 244 кГц в нижнюю полосу частот 11-119 кГц.
      </slide>
      <slide n="3" uri="prov_3.png">
         При подключении тракта передачи аппаратуры к тракту приема в режиме режимах П-301, П-302.
         Удлинитель У6 с затуханием 48,4 дБ для согласования уровней.
      </slide>
   </slides>
</block>