﻿<block name='ВЗК ПЕР' id='20' photoUri='ВЗК ПЕР.jpg'>
   <slides>
      <slide n='0' uri='images/0.png'>
         В состав блока устройств ввода, защиты и коммутации входят линейные фильтры ФВЧ-6 и ФНЧ-6, фильтры ФНЧ-8, линейные трансформаторы ЛТ-1 и ЛТ-2, разрядники и другие устройства защиты аппаратуры.
      </slide>

      <slide n='1' uri='images/1.png'>
         Линейные фильтры ФВЧ-6 и ФНЧ-6 разделяют токи канальных сигналов (красный) и токи сигналов канала участковой связи (зелёный).
      </slide>

      <slide n='2' uri='images/2.png'>
         Далее сигналы поступают на линейные трансформаторы ЛТ1 и ЛТ2, откуда после преобразования отправляются по станц. каб.
      </slide>

      <slide n='3' uri='images/3.png'>
         В среднюю точку линейной обмотки трансформатора ЛТ-2 через фильтр ФНЧ-8 подается ток дистанционного питания.
      </slide>

      <slide n='4' uri='images/4.png'>
         Фильтр ФНЧ-8 предназначен для устранения влияний между цепями передачи и приема кабеля через блок дистанционного питания.
      </slide>

      <slide n='5' uri='images/5.png'>
         Реле К предназначено для: автоматического подключения к линии блока ОПУ при аварии в цепи ДП.
      </slide>
   </slides>
</block>