<block name='ПГП Передача' id='13' photoUri="3.jpg">
   <slides>
      <slide n='0' uri='images/130.png'>
         Оборудование предварительного группового преобразования (ОПГП), размещенное в двух блоках ПГП, обеспечивает преобразование полос частот 8 3-канальных предгрупп в полосы частот 2 основных первичных групп в тракте передачи.
      </slide>
      <slide n='1' uri='images/131.png'>
         Сигнал из блоков ИП-3 попадает в тракт передачи ОПГП, который состоит из следующих устройств: предгрупповые модуляторы передачи ПГМ, усилитель УС 60 – 108, фильтр нижних частот ФНЧ-108, трансформатор Т1, удлинитель У5.
      </slide>
      <slide n='2' uri='images/132.png'>
         Сигнал проходит через предгрупповые модуляторы передачи ПГМ, которые обеспечивают преобразование сигналов в полосе частот 132,3 – 143,4 кГц четырех 3-канальных предгрупп в сигнал с полосой частот 60,6 – 107,7 кГц основной первичной группы (ОПГ). Токи несущих частот ПГМ1, 2, 3, 4 имеют значения 240, 228, 216 и 204 кГц соответственно. Поэтому преобразованная полоса частот данной 3-канальной предгруппы занимает в ОПГ вполне определенное место. Все ПГМ одинаковы и представляют собой активные модуляторы, вы-полнены по двойной балансной схеме. Уровень остаточного тока несущей ча-стоты на выходе ПГМ не более -28 дБ.
      </slide>
      <slide n='3' uri='images/133.png'>
         Параллельная работа ПГМ обеспечивается подключением их через развязывающие резисторы R2 к усилителю УС 60 – 108, имеющему низкоомное (не более 10 Ом) входное сопротивление.
      </slide>
      <slide n='4' uri='images/134.png'>
         Далее сигнал проходит через усилитель УС 60 – 108, который обеспечивает необходимую шумовую защищен-ность, усиливая сигналы в полосе частот ОПГ до уровня -36 дБ по мощности на выходе блока ПГП. Рабочее усиление равно 7,8 дБ. Выходное сопротивление усилителя 150 Ом.
      </slide>
      <slide n='5' uri='images/135.png'>
         Следующим сигнал проходит фильтр нижних частот ФНЧ-108, который обеспечивает выделение полосы частот ОПГ на выходе ПГМ. Его затухание в полосе частот 60,6 – 107,7 кГц не более 0,6 дБ. ФНЧ-108 подавляет преобразуемую полосу частот 132,3 – 143,4 кГц и остаточные токи несущих частот 204, 216, 228 и 240 кГц не менее чем на 40 дБ, а верхнюю боковую полосу частот 336,3 – 384,4 кГц на выходе ПГМ – не менее чем на 50 дБ. Фильтр выполнен на элементах LC по неуравновешенной схеме и рассчитан на номинальное сопротивление нагрузки 600 Ом.
      </slide>
      <slide n='6' uri='images/136.png'>
         Следующим на пути сигнала является трансформатор Т1, предназначенный для перехода от неуравновешенной схемы ФНЧ-108 к уравновешенной схеме последующих устройств тракта передачи, а также обеспечивающий 150-омное выходное сопротивление тракта передачи ОПГП.
      </slide>
      <slide n='7' uri='images/137.png'>
         Далее сигнал проходит удлинитель У5, который предназначен для увеличения затухания несогласованности выходного сопротивления фильтра ФНЧ-108, рассчитан на номинальное значение сопротивления нагрузки 150 Ом.
         После удлинителя сигнал попадает в блоки ПО ПЕР и ППГ ПЕР.
      </slide>
   </slides>
</block>