<block name='ПО Пр и ППГ Пр' id='25' photoUri='25.jpg'>
	<slides>
		<slide n='0' uri='images/250.png'>
			Оборудование сопряжения (ОС) обеспечивает преобразование полосы частот одной ОПГ в полосу частот 12 – 60 кГц и ее объединение с полосой частот второй ОПГ для получения полос частот 12 – 108 кГц в тракте передачи и обратное преобразование и разделение полос частот в тракте приема. Устройства трактов передачи ОС размещены в блоках ППГ ПЕР и ПО ПЕР, а трактов приема – в блоках ППГ ПР и ПО ПР.
		</slide>
		<slide n='1' uri='images/251.png'>
			Красный:
			Из линии сигнал поступает в дифсистему ДС8.
			Зеленый:
			Из блока управления поступает ток сигнала КЧ 84,14 кГц.
			Описание тракта:
			В состав тракта приёма первой ОПГ входят: регулируемый усилитель РУС 60-106, автоматический регулятор АРП, дифсистемы ДС4 и ДС5, режекторный фильтр РФ 84,14, устройство прерывания УП ПР, усилители У14 и У15. Они расположены в блоке ПО ПР.
			В состав тракта приёма второй ОПГ входят: следующие устройства: групповые модуляторы ГД2 и ГД1, полосовые фильтры ПФ 504-552 и ПФ 60-115, регулируемый усилитель РУС 60-106, автоматический регулятор АРП, дифсистемы ДС7 и ДС6, режекторный фильтр РФ 84,14,устройство прерывания УП ПР, усилители У10 и У11. Они расположены в блоке преобразования первичной группы ППГ ПР.
		</slide>
		<slide n='2' uri='images/252.png'>
			Дифсистма ДС8 предназначена для разделения тракта приема ОС на тракт приема первой ОПГ и тракт приема второй ОПГ. Она является равноплечной неуравновешенной дифсистемой, выполнена на трансформаторе. В направлениях прохождения сигналов с полосами частот 12,3-59,4 кГц и 60,6-107,7 кГц ДС3 вносит затухание не более 4 дБ.
			Обозначим сигнал первой ОПГ синим, а синал второй ОПГ жёлтым цветом.

			Далее ток КЧ 84,14 кГц поступает в УП ПР. Устройство прерывания в тракте приема УП ПР относится к системе функционального контроля и сигнализации. Оно обеспечивает прохождение и модуляцию поступающего на выход тракта приема тока КЧ 84,14 кГц в том случае, когда ОПГ устанавливается в режим работы ПГ.
			При номинальном значении принимаемого в пункте транзита тока КЧ сигнала управления из блока АРУ 84,14 нет. УП ПР препятствует прохождению тока КЧ на выход тракта приема.
			Если на данном пункте транзита ток КЧ исчезает или уменьшается более чем на 17 дБ, то устройство АРУ  84,14 блокируется и выдает в УП ПР сигнал управления. УП ПР обеспечивает прохождение на выход тракта приема тока КЧ 84,14 кГц, модулируя его колебанием с частотой 0,76 Гц (модуляция в прямом направлении).
			Прием на оконечной станции этого модулированного тока КЧ свидетельствует о пропадании тока КЧ 84,14 кГц на однородном участке, не прилегающем к данной оконечной станции.
		</slide>
		<slide n='3' uri='images/253.png'>
			Синий:
			Сигнал первой ОПГ проходит через фильтр верхних частот ФВЧ-60, который включён на выходе ДС8. Он обеспечивает выделение из полосы частот 12,3-107,7 кГц сигналов первой ОПГ в полосе частот 60,6-107,7 кГц и подавляет полосу частот от 40 кГц и ниже не менее чем на 35 дБ.
			Жёлтый:
			Синал второй ОПГ проходит групповой модулятор приёма ГД-2, который обеспечивает преобразование сигналов в полосе частот 12,3-59,4 кГц с помощью тока несущей частоты 564 кГц в полосу частот 504,6-551,7 кГц.
			Далее сигнал попадает на полосовой фильтр ПФ 504-552, который предназначен для выделения сигналов нижней боковой частот на выходе ГД2 и обеспечивает подавление токов  в полосе частот 60,6-107,7 кГц не менее чем на 65 дБ, токов частот 1128 кГц и выше не менее чем на 70 дБ.
		</slide>
		<slide n='4' uri='images/254.png'>
			Жёлтый:
			Из ПФ 504-552 сигнал приходит на групповой модулятор приёма ГД-2, который обеспечивает преобразование сигналов в полосе частот 12,3-59,4 кГц с помощью тока несущей частоты 564 кГц в полосу частот 504,6-551,7 кГц.
			Затем сигнал попадает на полосовой фильтр ПФ 60-115. Он обеспечивает выделение сигналов в полосе частот ОПГ и подавление токов частот 40 кГц и ниже не менее чем на 15 дБ, а токов частот 120 кГц не менее чем на 40 дБ.
			После сигнал проходит через удлиннитель У11, включенный между ПФ 60-115 и РУС 60-108. Он улучшает согласованное включение этих устройств, выполнен по неуравновешенной схеме, рассчитан номинальное сопротивление нагрузки 150 Ом.
		</slide>
		<slide n='5' uri='images/255.png'>
			Далее сигналы обоих ОПГ поступают на регулируемый усилитель РУС 60-108, который компенсирует затухания предшествующих устройств и обеспечивает постоянный уровень сигналов на выходе тракта приема второй ОПГ минус 23 дБ по мощности. Рабочее усиление усилителя равно 16,5 дБ. Номинальные значения входного и выходного сопротивлений равны 150 Ом.
		</slide>
		<slide n='6' uri='images/256.png'>
			На обоих трактах приёма ОПГ автоматический регулятор АРП обеспечивает регулировку плоской со-ставляющей усиления РУС 60-108 в пределах ±4 дБ от номинального значе-ния. Управление регулятором АРП осуществляется системой АРУ 84,14 по току КЧ 84,14 кГц. В качестве управляемого элемента в АРП используется терморезистор косвенного подогрева.
		</slide>
		<slide n='7' uri='images/257.png'>
			После прохождения РУС 60-108 сигналы обоих ОПГ поступают на ДС 5 и ДС 7 первого и второго тракта приёма соответственно.
			Дифсистема ДС7 предназначена для подключения к тракту приема вто-рой ОПГ устройств системы АРУ 84,14. ДС7 является неуравновешенной неравноплечной системой, выполнена на трансформаторе. В направлении прохождения сигналов ОПГ ДС7 вносит затухание не более 1,8 дБ. Входное сопротивление дифсистемы в данном направлении равно 150 Ом.
			Утройство ДС5 аналогично ДС7.
			</slide>
		<slide n='8' uri='images/258.png'>
			Вернёмся к току КЧ 84,14 кГц. (обозначен зелёным цветом).
			Далее ток КЧ 84,14 кГц поступает в УП ПР. Устройство прерывания в тракте приема УП ПР относится к системе функционального контроля и сигнализации. Оно обеспечивает прохождение и модуляцию поступающего на выход тракта приема тока КЧ 84,14 кГц в том случае, когда ОПГ устанавливается в режим работы ПГ.
			При номинальном значении принимаемого в пункте транзита тока КЧ сигнала управления из блока АРУ 84,14 нет. УП ПР препятствует прохождению тока КЧ на выход тракта приема.
		</slide>
		<slide n='9' uri='images/259.png'>
			Вернёмся к току КЧ 84,14 кГц. (обозначен зелёным цветом).
			Далее ток КЧ 84,14 кГц поступает в УП ПР. Устройство прерывания в тракте приема УП ПР относится к системе функционального контроля и сигнализации. Оно обеспечивает прохождение и модуляцию поступающего на выход тракта приема тока КЧ 84,14 кГц в том случае, когда ОПГ устанавливается в режим работы ПГ.
			При номинальном значении принимаемого в пункте транзита тока КЧ сигнала управления из блока АРУ 84,14 нет. УП ПР препятствует прохождению тока КЧ на выход тракта приема.
			Если на данном пункте транзита ток КЧ исчезает или уменьшается более чем на 17 дБ, то устройство АРУ  84,14 блокируется и выдает в УП ПР сигнал управления. УП ПР обеспечивает прохождение на выход тракта приема тока КЧ 84,14 кГц, модулируя его колебанием с частотой 0,76 Гц (модуляция в прямом направлении).
			Прием на оконечной станции этого модулированного тока КЧ свидетельствует о пропадании тока КЧ 84,14 кГц на однородном участке, не прилегающем к данной оконечной станции.
		</slide>
		<slide n='10' uri='images/2510.png'>
			Как на ДС4, так и на ДС6 поступают токи КЧ 84,14 кГц и сигнальные токи с ПГП. ДС4 и ДС6 обеспечивают ввод в тракт приема второй ОПГ тока КЧ 84,14 кГц, мо-дулированного колебанием 0,76 Гц.
		</slide>
		<slide n='11' uri='images/2511.png'>
			При установке тракта приёма в режим ПГ или в режим ПШК (первичный широкополосный сигнал), сигнал проходит через Режекторный фильтр РЖ-84,14 предназначен для подавления тока КЧ 84,14 кГц на выходе тракта приема ОПГ при ее работе в режиме ПГ или в режиме ПШК (первичный широкополосный сигнал). Затухание фильтра на частоте 84,14 кГц не менее 50 дБ.
		</slide>
		<slide n='12' uri='images/2512.png'>
			Удлинитель У10 включается в тракт приема для обхода РФ-84,14 при работе ОПГ в режиме ТР с целью сохранения диаграммы уровней.
		</slide>
		<slide n='13' uri='images/2513.png'>
			Затем сигнал через I ПГ ПШК ТР и II ПГ ПШК ТР поступает в тракт приёма ПГП.
		</slide>
	</slides>
</block>