<block name='РФ' id='17' photoUri='12.png'>
   <slides>
      <slide n='0' uri='120.png'>
         Блок режекторных фильтров РФ предназначен для защиты токов линейных контрольных частот 16, 32, 64, 104 кГц от остатков токов несущих частот, совпадающих с ними, и от шумов предшествующих устройств. Он рассчитан на работу между нагрузочными сопротивлениями номи-налом 150 Ом.
      </slide>
      <slide n='1' uri='121.png'>
         На вход блока РФ сигнал поступает из блока ПР-2.
      </slide>
      <slide n='2' uri='122.png'>
         Далее сигнал проходит фильтр РФ-16, который вносит затухание на контрольной частоте относительно затухания на рабочих частотах не менее 28 дБ.
      </slide>
      <slide n='3' uri='123.png'>
         Далее сигнал поступает на амплитудный корректор АК, который корректирует искажения АЧХ, вносимые в тракт приема фильтром РФ-16.
      </slide>
      <slide n='4' uri='124.png'>
         Далее сигнал проходит фильтры РФ-64,104, которые вносят затухание на контрольных частотах относительно затухания на рабочих частотах не менее 28 дБ.
      </slide>
      <slide n='5' uri='125.png'>
         Далее сигнал проходит фильтр РФ-32, который вносит затухание на контрольной частоте относительно затухания на рабочих частотах не менее 28 дБ.
      </slide>
      <slide n='6' uri='126.png'>
         Далее сигнал проходит удлинитель У17 с затуханием 4 дБ, который предназначен для увеличения затухания несогласованности входного сопротивления блока РФ в рабочих полосах частот до 20дБ  и реализации требуемой диаграммы уровней. Далее сигналы поступают на вход блока ПР-3.
      </slide>
   </slides>
</block>