<block name="ПР-1" id="10" photoUri="pr1.jpg">
   <slides>
      <slide n="0" uri="pr1_0.png">
         Блок приема ПР-1 предназначен для усиления принимаемых сигналов, преобразования (в режиме А) сигналов верхней полосы частот 125 - 233 кГц в полосу частот 11 - 119 кГц, осуществление автоматического корректирования криволинейной составляющей затухания усилительного участка, а также для выделения из тракта приема сигналов телеконтроля канала постанционной служебной связи.
      </slide>
      <slide n="1" uri="pr1_1.png">
         В режиме А в тракт приема включается полосовой фильтр ПФ 125 -232, предназначенный для выделения сигналов верхней полосы частот 125 - 232 кГц, а также линейный групповой модулятор приема ЛГД для преобразования сигналов этого спектра с помощью несущей частоты 244 кГц в нижнюю полосу частот 11 - 119 кГц.
         В остальных режимах вместо ПФ 125- 232 и ЛГД включается эквивалентный по затуханию удлинитель У14 (6 дБ).
      </slide>
      <slide n="2" uri="pr1_2.png">
         Фильтр ФНЧ-120 предназначен для подавления неиспользуемых продуктов преобразования на выходе линейного приема в режиме А и отфильтровки верхних составляющих в других режимах работы аппаратуры (прием полосы частот 11-119 кГц).
      </slide>
      <slide n="3" uri="pr1_3.png">
         Удлинитель У15 с затуханием 3,1 дБ предназначен для увеличения  затухания несогласованности входного сопротивления усилителя до величины не менее 20 дБ.
      </slide>
      <slide n="4" uri="pr1_4.png">
         Усилитель РУС-2 повышает уровень сигнала в тракте и тем самым предотвращает понижение шумовой защищенности каналов. Этот усилитель унифицирован в основном с усилителем УС ПГ и отличается только схемой ООС. В цепи ООС РУС-2 включен автоматический корректор кривизны АКК-1 по току контрольной частоты 32 кГц.
         Относительный уровень сигнала на выходе РУС-2 равен минус 16,4 дБ.
      </slide>
      <slide n="5" uri="pr1_5.png">
         Дифференциальные системы ДС3 и ДС4 предназначены для  подключения устройств выделения из тракта приема сигналов телеконтроля ПТК 113, 115 кГц, УТК 117, 119 кГц и канала постанционной служебной связи 108,6 – 111,7 кГц.
      </slide>
      <slide n="6" uri="pr1_6.png">
         АКК-1 предназначен для компенсации криволинейной составляющей искажений АЧХ в нижней полосе частот 11 - 119 кГц в рабочем диапазоне температур, остающихся после отработки автоматических корректоров НУПов секции дистанционного питания.
         АКК-1 используется только в режиме Б, управляется схемой управления блока АРУК1 и обеспечивает регулировку усиления на частоте 32 кГц не менее ±4,5 дБ от номинального значения. В остальных режимах характеристика его затухания становится частотнонезависимой.
      </slide>
   </slides>
</block>