<block name="ИП-3 Прием" id="22" photoUri="ip-3.jpg">
  <slides>
    <slide n="0" uri="oip_0.png">
        Обеспечивает формирование 8 полос частот 3-канальных предгрупп 132,3 – 143,4 кГц из полос частот исходных сигналов 24 каналов ТЧ в тракте передачи и обратное преобразование полос частот сигналов в тракте приема.
    </slide>

    <slide n="1" uri="oip_1.png">
        С выхода оборудования предварительного группового преобразования (ОПГП) токи поступают на оборудование индивидуального преобразования (ОИП) блоков ИП-3.
    </slide>

    <slide n="2" uri="oip_2.png">
        Канальный фильтр приема КФ выделяет из 3-канальной предгруппы полосу частот данного канала ТЧ и защищает его тракт приема от мешающих воздействий полос частот соседних каналов (защищенность не менее 68 дБ). КФ приема также являются электромеханическими фильтрами, но по электрическим параметрам несколько отличаются от КФ передачи. Параллельная работа КФ приема обеспечивается подключением их через развязывающие резисторы R3 к усилителям УС 132 – 144, обладающим низкоомным входным сопротивлением (не более 15 Ом).
    </slide>
    <slide n="3" uri="oip_3.png">
        Канальный усилитель КУС предотвращает чрезмерное снижение уровня сигналов в тракте приема и обеспечивает необходимую защищенность сигналов от шумов на выходе канала ТЧ.
      Усиление КУС при работе на нагрузку 3 кОм равно 26 дБ. В цепи отрицательной обратной связи КУС осуществляется эксплуатационная плавная регулировка уровня сигналов на входе усилителя в пределах +5 дБ. Ось переменного резистора регулятора усиления РУ каждого канала выведена на переднюю панель блока ИП-3. С помощью РУ осуществляется установка номинального значения относительного уровня приема сигналов на выходе канала ТЧ 4 дБ.
    </slide>

    <slide n="4" uri="oip_4.png">
        Индивидуальный модулятор приема ИД предназначен для преобразования сигналов с полосой частот канала из 3-канальной предгруппы в тональный диапазон 0,3 – 3,4 кГц. ИД является активным модулятором, выполнен по двойной балансной схеме.
      Отличительной особенностью схемы ИД является применение в ней ООС. В цепях ООС осуществляется корректирование краевых искажений, вносимых канальными фильтрами КФ, и формирование требуемой частотной характеристики остаточного затухания канала ТЧ. Кроме того, активный ИД обеспечивает получение номинального значения уровня принимаемых сигналов на выходе канала ТЧ.
    </slide>

    <slide n="5" uri="oip_5.png">
        Фильтр нижних частот ФНЧ подавляет колебания неиспользуемой верхней боковой полосы частот и остаточный ток несущей частоты на выходе ИД на величину более 26 дБ. ФНЧ выполнен на элементах LC по уравновешенной схеме и рассчитан на номинальное сопротивление нагрузки 600 Ом.
    </slide>
  </slides>
</block>