<block name='Тракт приема канала ШК-48' id='26' photoUri='6.jpg'>
	<slides>
		<slide n='0' uri='images/260.png'>
			Каналоформирующее и транзитное оборудование предназначено для образования широкополосного канала ШК-48 в полосе частот 60,6-107,7 кГц и для осуществления транзита этого канала. Оборудование канала ШК-48 конструктивно размешено в блоках: КОММ.ПТ, РЕЖ.ПТ, ЛК.ПГ, КГВП ПГ, УС ПГ – в моноблоке ПО ЩКВЧ; ТФ 60-108-1, ТФ 60-108-2, ПГ ПЕР, ПГ ПР – в моноблоке КФГО ПГ. Подключение оборудования, размещенного в указанных блоках, к трактам приема и приема оборудования сопряжения (ОС) осуществляется установкой перемычек в гнезда коммутации режимов работы ОПГ в положения ПШК или ТР. Эти гнезда с перемычками в них имеют гравировку 1 ПГ ПШК ТР или 2 ПГ ПШК ТР и размещены на передних панелях блоков ПО ПЕР, ПО ПР, ППГ ПР, ППГ ПЕР.
		</slide>
		<slide n='1' uri='images/261.png'>
			Принимаемые из блоков ПО ПР или ППГ ПР сигналы через гнезда ВХ.ТФ направления приема блока КОММ.ПТ поступают в блоки ТФ 60-108-1, ТФ 60-108-2 и ПГ ПР, в состав которых входят следующие устройства: транзитный фильтр ТФ 60-108; постоянные корректоры КАЧХ1, КАЧХ2 и КГВП; усилитель 60-108; удлинитель У14.
		</slide>
		<slide n='2' uri='images/262.png'>
			Следующим сигнал проходит транзитный фильтр ТФ 60-108, который предназначен для формирования полосы частот 60-108 кГц и транзита канала ШК-48, выполнен в виде каскадного соединения фильтров ФВЧ и ФНЧ.
		</slide>
		<slide n='3' uri='images/263.png'>
			Далее сигнал проходит через корректор КАЧХ1, который предназначен для компенсации АЧ искажений, вносимых фильтром ТФ 60-108.
		</slide>
		<slide n='4' uri='images/264.png'>
			Далее сигнал проходит через корректор КГВП, который предназначен для компенсации ФЧ искажений, вносимых фильтром ТФ 60-108.
		</slide>
		<slide n='5' uri='images/265.png'>
			Затем сигнал проходит через удлинитель У14, который обеспечивает получение заданной диаграммы уровней тракта приема канала ШК-48.
		</slide>
		<slide n='6' uri='images/266.png'>
			Следующим сигнал проходит корректор КАЧХ2, который обеспечивает компенсацию АЧ искажений, вносимых устройствами тракта приема канала ШК-48.
		</slide>
		<slide n='7' uri='images/267.png'>
			Далее сигнал проходит через усилитель УС 60-108, который, компенсируя затухания предыдущих устройств, повышает защищенность сигналов от шумов и обеспечивает номинальное значение уровня сигналов на выходе канала ШК-48 минус 23 дБ. Рабочее усиление усилителя равно 22 дБ, входное и выходное сопротивления равны 150 Ом.
			С выхода блока ПГ ПР сигналы через контакты переключателя ПШК блока РЕЖ.ПТ и контакты гнезда ВЫХ.ТФ блока КОММ.ПТ поступают на выход канала ШК-48.
		</slide>
		<slide n='8' uri='images/268.png'>
			В аппаратуре П-330-24-О предусмотрена возможность при необходимости осуществить коррекцию АЧХ и ГВП канала ШК-48. для этой цели в моноблоке ПО ЩКВЧ имеются корректирующие устройства, к которым относятся блоки ЛК ПГ, КГВП ПГ, УС ПГ.
			Включение этих устройств в тракт приема канала ШК-48 осуществляет-ся с помощью шнуров, которыми гнезда «-23» и ВХ.ТФ передней панели блока КОММ.ПТ соединяются с гнездами ВХ. Передней панели блока ЛК ПГ  и ВЫХ. передней панели блока УС ПГ соответственно. При этом устройства измерения канала ШК-48 (генератор и измеритель уровня) подключаются соответственно к гнездам ВХ.ТФ тракта передачи  и ВЫХ.ТФ тракта приема канала ШК-48.
		</slide>
	</slides>
</block>