﻿<?xml version="1.0" encoding="utf-8"?>
<doc>
  <assembly>
    <name>System.Web.Http.WebHost</name>
  </assembly>
  <members>
    <member name="T:System.Web.Http.GlobalConfiguration">
      <summary> Provides a global <see cref="T:System.Web.Http.HttpConfiguration" /> for ASP applications. </summary>
    </member>
    <member name="P:System.Web.Http.GlobalConfiguration.Configuration">
      <summary> Gets the global <see cref="T:System.Web.Http.HttpConfiguration" />. </summary>
    </member>
    <member name="T:System.Web.Http.RouteCollectionExtensions">
      <summary> Extension methods for <see cref="T:System.Web.Routing.RouteCollection" /></summary>
    </member>
    <member name="M:System.Web.Http.RouteCollectionExtensions.MapHttpRoute(System.Web.Routing.RouteCollection,System.String,System.String,System.Object)">
      <summary> Maps the specified route template and sets default constraints, and namespaces. </summary>
      <returns>A reference to the mapped route.</returns>
      <param name="routes">A collection of routes for the application.</param>
      <param name="name">The name of the route to map.</param>
      <param name="routeTemplate">The route template for the route.</param>
      <param name="defaults">An object that contains default route values.</param>
    </member>
    <member name="M:System.Web.Http.RouteCollectionExtensions.MapHttpRoute(System.Web.Routing.RouteCollection,System.String,System.String,System.Object,System.Object)">
      <summary> Maps the specified route template and sets default route values, constraints, and namespaces. </summary>
      <returns>A reference to the mapped route.</returns>
      <param name="routes">A collection of routes for the application.</param>
      <param name="name">The name of the route to map.</param>
      <param name="routeTemplate">The route template for the route.</param>
      <param name="defaults">An object that contains default route values.</param>
      <param name="constraints">A set of expressions that specify values for routeTemplate.</param>
    </member>
    <member name="T:System.Web.Http.WebHost.HttpControllerHandler">
      <summary> A <see cref="T:System.Web.IHttpAsyncHandler" /> that passes ASP.NET requests into the <see cref="T:System.Web.Http.HttpServer" /> pipeline and write the result back. </summary>
    </member>
    <member name="M:System.Web.Http.WebHost.HttpControllerHandler.#ctor(System.Web.Routing.RouteData)">
      <summary> Initializes a new instance of the <see cref="T:System.Web.Http.WebHost.HttpControllerHandler" /> class. </summary>
      <param name="routeData">The route data.</param>
    </member>
    <member name="M:System.Web.Http.WebHost.HttpControllerHandler.BeginProcessRequest(System.Web.HttpContextBase,System.AsyncCallback,System.Object)">
      <summary> Begins the process request. </summary>
      <returns>An <see cref="T:System.IAsyncResult" /> that contains information about the status of the process. </returns>
      <param name="httpContextBase">The HTTP context base.</param>
      <param name="callback">The callback.</param>
      <param name="state">The state.</param>
    </member>
    <member name="M:System.Web.Http.WebHost.HttpControllerHandler.EndProcessRequest(System.IAsyncResult)">
      <summary> Provides an asynchronous process End method when the process ends. </summary>
      <param name="result">An <see cref="T:System.IAsyncResult" /> that contains information about the status of the process.</param>
    </member>
    <member name="P:System.Web.Http.WebHost.HttpControllerHandler.IsReusable">
      <summary> Gets a value indicating whether another request can use the <see cref="T:System.Web.IHttpHandler" /> instance. </summary>
    </member>
    <member name="M:System.Web.Http.WebHost.HttpControllerHandler.ProcessRequest(System.Web.HttpContextBase)">
      <summary> Processes the request. </summary>
      <param name="httpContextBase">The HTTP context base.</param>
    </member>
    <member name="M:System.Web.Http.WebHost.HttpControllerHandler.System#Web#IHttpAsyncHandler#BeginProcessRequest(System.Web.HttpContext,System.AsyncCallback,System.Object)">
      <summary> Begins processing the request. </summary>
      <returns>An <see cref="T:System.IAsyncResult" /> that contains information about the status of the process. </returns>
      <param name="httpContext">The HTTP context.</param>
      <param name="callback">The callback.</param>
      <param name="state">The state.</param>
    </member>
    <member name="M:System.Web.Http.WebHost.HttpControllerHandler.System#Web#IHttpAsyncHandler#EndProcessRequest(System.IAsyncResult)">
      <summary> Provides an asynchronous process End method when the process ends. </summary>
      <param name="result">An <see cref="T:System.IAsyncResult" /> that contains information about the status of the process.</param>
    </member>
    <member name="P:System.Web.Http.WebHost.HttpControllerHandler.System#Web#IHttpHandler#IsReusable">
      <summary> Gets a value indicating whether another request can use the <see cref="T:System.Web.IHttpHandler" /> instance. </summary>
    </member>
    <member name="M:System.Web.Http.WebHost.HttpControllerHandler.System#Web#IHttpHandler#ProcessRequest(System.Web.HttpContext)">
      <summary> Processes the request. </summary>
      <param name="httpContext">The HTTP context base.</param>
    </member>
    <member name="T:System.Web.Http.WebHost.HttpControllerRouteHandler">
      <summary> A <see cref="T:System.Web.Routing.IRouteHandler" /> that returns instances of <see cref="T:System.Web.Http.WebHost.HttpControllerHandler" /> that can pass requests to a given <see cref="T:System.Web.Http.HttpServer" /> instance. </summary>
    </member>
    <member name="M:System.Web.Http.WebHost.HttpControllerRouteHandler.#ctor">
      <summary> Initializes a new instance of the <see cref="T:System.Web.Http.WebHost.HttpControllerRouteHandler" /> class. </summary>
    </member>
    <member name="M:System.Web.Http.WebHost.HttpControllerRouteHandler.GetHttpHandler(System.Web.Routing.RequestContext)">
      <summary> Provides the object that processes the request. </summary>
      <returns> An object that processes the request. </returns>
      <param name="requestContext">An object that encapsulates information about the request.</param>
    </member>
    <member name="P:System.Web.Http.WebHost.HttpControllerRouteHandler.Instance">
      <summary> Gets the singleton <see cref="T:System.Web.Http.WebHost.HttpControllerRouteHandler" /> instance. </summary>
    </member>
    <member name="M:System.Web.Http.WebHost.HttpControllerRouteHandler.System#Web#Routing#IRouteHandler#GetHttpHandler(System.Web.Routing.RequestContext)">
      <summary> Provides the object that processes the request. </summary>
      <returns> An object that processes the request. </returns>
      <param name="requestContext">An object that encapsulates information about the request.</param>
    </member>
  </members>
</doc>