<block name='АКН' id='19' photoUri='14.png'>
   <slides>
      <slide n='0' uri='images/140.png'>
         Локальный корректор нижней полосы частот предназначен для компенсации АЧИ случайного характера в тракте  приема в нижней полосе частот 12 - 112 кГц. Он включается при искажениях, равных или больших 0,9 дБ.
      </slide>
      <slide n='1' uri='images/141.png'>
         На вход блока АКН сигналы поступают из блока ПР-1.
      </slide>
      <slide n='2' uri='images/142.png'>
         Далее сигнал проходит через локальный корректор ЛК-Н, который позволяет осуществить независимую коррекцию АЧИ в сравнительно узких частотных интервалах на которые разбивается данный частотный диапазон. В ЛК-Н таких частотных интервалов восемь. Все они располагается между крайними и контрольными частотами этого диапазона: 12, 16, 32, 64, 104, 108 кГц. Центральными частотами интервалов корректирования (на этих частотах затухания достигают предельных значений) в ЛК-Н выбраны следующие частоты: 12, 20, 23, 42, 45, 82, 90 и 112 кГц. Предел корректирования в каждом частотном интервале ЛК-Н составляет ±1,8 дБ. Пассивная часть ЛК-Н вносит затухание при среднем положении осей всех переменных резисторов (это соответствует плоской АЧХ ЛК-Н), равное 27 дБ.
      </slide>
      <slide n='3' uri='images/143.png'>
         Далее сигнал проходит через усилитель УС-Н с усилением 27 дБ, который включен каскадно с пассивной частью ЛК-Н для компенсации затухания, вносимого пассивной частью ЛК-Н. Далее сигнал поступает на вход блока ПР-2.
      </slide>
   </slides>
</block>