<block name='ПР-2' id='18' photoUri='13.png'>
   <slides>
      <slide n='0' uri='130.png'>
         В блоке приема ПР-2 осуществляется коррекция криволинейной составляющей АЧХ, обеспечение необходимого уровня сигнала на выходе, ручное переключение режимов работы блока. На передней панели блока расположены измерительные гнезда, разделительные гнезда ЛТ и СТ и переключатель.
      </slide>
      <slide n='1' uri='131.png'>
         В блок ПР-2 сигнал поступает из блока АКН.
      </slide>
      <slide n='2' uri='132.png'>
         Далее сигнал проходит автоматический корректор кривизны АКК, который предназначен для компенсации криволинейных составляющих АЧХ в рабочем, диапазоне температур, имеющих место на секции дистанционного питания после отработки автоматических корректоров НУПов. АКК, управляемый СУ блока АРУ, имеет максимальные пределы регулирования не менее ±4,3 дБ на 50 кГц на частоте 64 кГц пределы регулирования составляющие менее ±3 дБ. В режиме П-302 характеристика затухания АКК частотнонезависима, цепь управления от блока АРУ-б4 переключается с АКК на АРП (блок КЛТ-1). Устройства АРУ (Блоки АРУП; АРУН, АРУ-64, АРУК1) подключаются к обмоткам выходного трансформатора УС 12-252.
      </slide>
      <slide n='3' uri='133.png'>
         Далее сигнал проходит через усилитель УС 12-252, который предотвращает чрезмерное снижение уровня сигнала в тракте передачи, повышая его шумовую защищенность. При уровне сигнала на выходе усилителя, равном минус 17 дБ уровень сигнала КЧ равен минус 34 дБ.
      </slide>
      <slide n='4' uri='134.png'>
         Далее сигнал проходит удлинитель У16 с затуханием 16,9 дБ и номинальным нагрузочным сопротивлением 150 Ом. Далее сигнал поступает на блок режекторных фильтров РФ.
      </slide>
   </slides>
</block>