<block name='Тракт передачи канала ШК-48' id='16' photoUri='6.jpg'>
   <slides>
      <slide n='0' uri='images/160.png'>
         Каналоформирующее и транзитное оборудование предназначено для образования широкополосного канала ШК-48 в полосе частот 60,6-107,7 кГц и для осуществления транзита этого канала. Оборудование канала ШК-48 конструктивно размешено в блоках: КОММ.ПТ, РЕЖ.ПТ, ЛК.ПГ, КГВП ПГ, УС ПГ – в моноблоке ПО ЩКВЧ; ТФ 60-108-1, ТФ 60-108-2, ПГ ПЕР, ПГ ПР – в моноблоке КФГО ПГ. Подключение оборудования, размещенного в указанных блоках, к трактам передачи и приема оборудования сопряжения (ОС) осуществляется установкой перемычек в гнезда коммутации режимов работы ОПГ в положения ПШК или ТР. Эти гнезда с перемычками в них имеют гравировку 1 ПГ ПШК ТР или 2 ПГ ПШК ТР и размещены на передних панелях блоков ПО ПЕР, ПО ПР, ППГ ПР, ППГ ПЕР.
      </slide>
      <slide n='1' uri='images/161.png'>
         Передаваемые сигналы в полосе частот 60,9-107,7 кГц и уровнем минус 31 дБ или минус 36 дБ  через гнезда ВХ.ТФ блока КОММ.ПТ поступает на контакты переключателя ПШК блока РЕЖ.ПТ. В зависимости от уровня передаваемого сигнала переключатель ПШК устанавливается в положение «-31» или «–36».
      </slide>
      <slide n='2' uri='images/162.png'>
         Следующим сигнал проходит удлинитель У18, который понижает уровень сигнала на 5 дБ.
      </slide>
      <slide n='3' uri='images/163.png'>
         К ДС9 подключается индикатор ИМУ, который предназначен для сигнализации о превышении допу-стимой средней мощности передаваемого по каналу ШК-48 сигнала. ИМУ состоит из усилителя, переключающего устройства, ключа и светодиода.
      </slide>
      <slide n='4' uri='images/164.png'>
         Равноплечая дифсистема ДС9 обеспечивает подключение к тракту пере-дачи индикатора максимального уровня (ИМУ).
      </slide>
      <slide n='5' uri='images/165.png'>
         Устройства тракта передачи каналоформирующего и транзитного оборудования конструктивно размещены в блоках ТФ 60-108-1, ТФ 60-108-2, ПГ ПЕР. В состав этих блоков входят следующие устройства: транзитный фильтр ТФ 60-108; постоянные корректоры КАЧХ1, КАЧХ2 и КГВП; усилители УС 60-108, УС 60-108ПЕР; удлинитель У13. На схеме это оборудование показано в блоке КФТО ПГ ПЕР1.
      </slide>
      <slide n='6' uri='images/166.png'>
         Далее сигнал проходит через усилитель УС 60-108, который обеспечивает необходимую защищенность канала от шумов. Рабочее усиление усилителя равно 12 дБ, номинальное сопротивление нагрузки равно 150 Ом.
      </slide>
      <slide n='7' uri='images/167.png'>
         Следующим сигнал проходит транзитный фильтр ТФ 60-108, который предназначен для формирования полосы частот 60-108 кГц и транзита канала ШК-48, выполнен в виде каскадного соединения фильтров ФВЧ и ФНЧ.
      </slide>
      <slide n='8' uri='images/168.png'>
         Далее сигнал проходит через корректор КАЧХ1, который предназначен для компенсации АЧ искажений, вносимых фильтром ТФ 60-108.
      </slide>
      <slide n='9' uri='images/169.png'>
         Далее сигнал проходит через корректор КГВП, который предназначен для компенсации ФЧ искажений, вносимых фильтром ТФ 60-108.
      </slide>
      <slide n='10' uri='images/1610.png'>
         Затем сигнал проходит через удлинитель У13, который обеспечивает получение заданной диаграммы уровней тракта передачи канала ШК-48.
      </slide>
      <slide n='11' uri='images/1611.png'>
         Следующим сигнал проходит корректор КАЧХ2, который обеспечивает компенсацию АЧ искажений, вносимых устройствами тракта передачи канала ШК-48.
      </slide>
      <slide n='12' uri='images/1612.png'>
         Далее сигнал проходит усилитель УС 60-108ПЕР, который, компенсируя затухания предшествующих устройств, обеспечивает номинальное значение уровня сигналов на выходе тракта передачи минус 31 дБ.
      </slide>
      <slide n='13' uri='images/1613.png'>
         При установке канала ШК-48 в режим ПШК сигналы с выхода блока ПГ ПЕР проходят режекторный фильтр РФ-84,14 блока РЕЖ.ПТ. Режекторный фильтр РФ-84,14 предназначен для подавления тока КЧ 84,14 кГц на выходе тракта приема ОПГ при ее работе в режиме ПГ или в режиме ПШК (первичный широкополосный сигнал). Затухание фильтра на частоте 84,14 кГц не менее 50 дБ.
      </slide>
      <slide n='14' uri='images/1614.png'>
         При установке канала ШК-48 в режим ТР сигналы с выхода ПГ ПЕР проходит удлинитель У12. Удлинитель У12 включается в тракт приема для обхода РФ-84,14 при работе ОПГ в режиме ТР с целью сохранения диаграммы уровней.
      </slide>
      <slide n='15' uri='images/1615.png'>
         Затем сигнал через гнезда ВЫХ.ТФ блока КОММ.ПТ поступает в тракт передачи ОС.
      </slide>
   </slides>
</block>