﻿<?xml version="1.0" encoding="utf-8"?>
<doc>
  <assembly>
    <name>System.Web.WebPages.Razor</name>
  </assembly>
  <members>
    <member name="T:System.Web.WebPages.Razor.CompilingPathEventArgs"></member>
    <member name="M:System.Web.WebPages.Razor.CompilingPathEventArgs.#ctor(System.String,System.Web.WebPages.Razor.WebPageRazorHost)"></member>
    <member name="P:System.Web.WebPages.Razor.CompilingPathEventArgs.Host"></member>
    <member name="P:System.Web.WebPages.Razor.CompilingPathEventArgs.VirtualPath"></member>
    <member name="T:System.Web.WebPages.Razor.PreApplicationStartCode">
      <summary>This type/member supports the .NET Framework infrastructure and is not intended to be used directly from your code.</summary>
    </member>
    <member name="M:System.Web.WebPages.Razor.PreApplicationStartCode.Start">
      <summary>This type/member supports the .NET Framework infrastructure and is not intended to be used directly from your code.</summary>
    </member>
    <member name="T:System.Web.WebPages.Razor.RazorBuildProvider">
      <summary>This type/member supports the .NET Framework infrastructure and is not intended to be used directly from your code.</summary>
    </member>
    <member name="M:System.Web.WebPages.Razor.RazorBuildProvider.#ctor">
      <summary>This type/member supports the .NET Framework infrastructure and is not intended to be used directly from your code.</summary>
    </member>
    <member name="M:System.Web.WebPages.Razor.RazorBuildProvider.AddVirtualPathDependency(System.String)">
      <summary>This type/member supports the .NET Framework infrastructure and is not intended to be used directly from your code.</summary>
    </member>
    <member name="P:System.Web.WebPages.Razor.RazorBuildProvider.AssemblyBuilder">
      <summary>This type/member supports the .NET Framework infrastructure and is not intended to be used directly from your code.</summary>
    </member>
    <member name="P:System.Web.WebPages.Razor.RazorBuildProvider.CodeCompilerType">
      <summary>This type/member supports the .NET Framework infrastructure and is not intended to be used directly from your code.</summary>
    </member>
    <member name="E:System.Web.WebPages.Razor.RazorBuildProvider.CodeGenerationCompleted">
      <summary>This type/member supports the .NET Framework infrastructure and is not intended to be used directly from your code.</summary>
    </member>
    <member name="E:System.Web.WebPages.Razor.RazorBuildProvider.CodeGenerationStarted">
      <summary>This type/member supports the .NET Framework infrastructure and is not intended to be used directly from your code.</summary>
    </member>
    <member name="E:System.Web.WebPages.Razor.RazorBuildProvider.CompilingPath"></member>
    <member name="M:System.Web.WebPages.Razor.RazorBuildProvider.CreateHost">
      <summary>This type/member supports the .NET Framework infrastructure and is not intended to be used directly from your code.</summary>
    </member>
    <member name="M:System.Web.WebPages.Razor.RazorBuildProvider.GenerateCode(System.Web.Compilation.AssemblyBuilder)">
      <summary>This type/member supports the .NET Framework infrastructure and is not intended to be used directly from your code.</summary>
    </member>
    <member name="M:System.Web.WebPages.Razor.RazorBuildProvider.GetGeneratedType(System.CodeDom.Compiler.CompilerResults)">
      <summary>This type/member supports the .NET Framework infrastructure and is not intended to be used directly from your code.</summary>
    </member>
    <member name="M:System.Web.WebPages.Razor.RazorBuildProvider.GetHostFromConfig"></member>
    <member name="M:System.Web.WebPages.Razor.RazorBuildProvider.InternalOpenReader">
      <summary>This type/member supports the .NET Framework infrastructure and is not intended to be used directly from your code.</summary>
    </member>
    <member name="M:System.Web.WebPages.Razor.RazorBuildProvider.OnBeforeCompilePath(System.Web.WebPages.Razor.CompilingPathEventArgs)"></member>
    <member name="P:System.Web.WebPages.Razor.RazorBuildProvider.VirtualPath">
      <summary>This type/member supports the .NET Framework infrastructure and is not intended to be used directly from your code.</summary>
    </member>
    <member name="P:System.Web.WebPages.Razor.RazorBuildProvider.VirtualPathDependencies">
      <summary>This type/member supports the .NET Framework infrastructure and is not intended to be used directly from your code.</summary>
    </member>
    <member name="T:System.Web.WebPages.Razor.WebCodeRazorHost">
      <summary>This type/member supports the .NET Framework infrastructure and is not intended to be used directly from your code.</summary>
    </member>
    <member name="M:System.Web.WebPages.Razor.WebCodeRazorHost.#ctor(System.String)">
      <summary>This type/member supports the .NET Framework infrastructure and is not intended to be used directly from your code.</summary>
    </member>
    <member name="M:System.Web.WebPages.Razor.WebCodeRazorHost.#ctor(System.String,System.String)">
      <summary>This type/member supports the .NET Framework infrastructure and is not intended to be used directly from your code.</summary>
    </member>
    <member name="M:System.Web.WebPages.Razor.WebCodeRazorHost.GetClassName(System.String)">
      <summary>This type/member supports the .NET Framework infrastructure and is not intended to be used directly from your code.</summary>
    </member>
    <member name="M:System.Web.WebPages.Razor.WebCodeRazorHost.PostProcessGeneratedCode(System.Web.Razor.Generator.CodeGeneratorContext)"></member>
    <member name="T:System.Web.WebPages.Razor.WebPageRazorHost">
      <summary>This type/member supports the .NET Framework infrastructure and is not intended to be used directly from your code.</summary>
    </member>
    <member name="M:System.Web.WebPages.Razor.WebPageRazorHost.#ctor(System.String)">
      <summary>This type/member supports the .NET Framework infrastructure and is not intended to be used directly from your code.</summary>
    </member>
    <member name="M:System.Web.WebPages.Razor.WebPageRazorHost.#ctor(System.String,System.String)">
      <summary>This type/member supports the .NET Framework infrastructure and is not intended to be used directly from your code.</summary>
    </member>
    <member name="M:System.Web.WebPages.Razor.WebPageRazorHost.AddGlobalImport(System.String)">
      <summary>This type/member supports the .NET Framework infrastructure and is not intended to be used directly from your code.</summary>
    </member>
    <member name="P:System.Web.WebPages.Razor.WebPageRazorHost.CodeLanguage">
      <summary>This type/member supports the .NET Framework infrastructure and is not intended to be used directly from your code.</summary>
    </member>
    <member name="M:System.Web.WebPages.Razor.WebPageRazorHost.CreateMarkupParser">
      <summary>This type/member supports the .NET Framework infrastructure and is not intended to be used directly from your code.</summary>
    </member>
    <member name="P:System.Web.WebPages.Razor.WebPageRazorHost.DefaultBaseClass">
      <summary>This type/member supports the .NET Framework infrastructure and is not intended to be used directly from your code.</summary>
    </member>
    <member name="P:System.Web.WebPages.Razor.WebPageRazorHost.DefaultClassName">
      <summary>This type/member supports the .NET Framework infrastructure and is not intended to be used directly from your code.</summary>
    </member>
    <member name="P:System.Web.WebPages.Razor.WebPageRazorHost.DefaultDebugCompilation">
      <summary>This type/member supports the .NET Framework infrastructure and is not intended to be used directly from your code.</summary>
    </member>
    <member name="P:System.Web.WebPages.Razor.WebPageRazorHost.DefaultPageBaseClass">
      <summary>This type/member supports the .NET Framework infrastructure and is not intended to be used directly from your code.</summary>
    </member>
    <member name="M:System.Web.WebPages.Razor.WebPageRazorHost.GetClassName(System.String)">
      <summary>This type/member supports the .NET Framework infrastructure and is not intended to be used directly from your code.</summary>
    </member>
    <member name="M:System.Web.WebPages.Razor.WebPageRazorHost.GetCodeLanguage">
      <summary>This type/member supports the .NET Framework infrastructure and is not intended to be used directly from your code.</summary>
    </member>
    <member name="M:System.Web.WebPages.Razor.WebPageRazorHost.GetGlobalImports">
      <summary>This type/member supports the .NET Framework infrastructure and is not intended to be used directly from your code.</summary>
    </member>
    <member name="P:System.Web.WebPages.Razor.WebPageRazorHost.InstrumentedSourceFilePath"></member>
    <member name="P:System.Web.WebPages.Razor.WebPageRazorHost.IsSpecialPage">
      <summary>This type/member supports the .NET Framework infrastructure and is not intended to be used directly from your code.</summary>
    </member>
    <member name="P:System.Web.WebPages.Razor.WebPageRazorHost.PhysicalPath">
      <summary>This type/member supports the .NET Framework infrastructure and is not intended to be used directly from your code.</summary>
    </member>
    <member name="M:System.Web.WebPages.Razor.WebPageRazorHost.PostProcessGeneratedCode(System.Web.Razor.Generator.CodeGeneratorContext)"></member>
    <member name="M:System.Web.WebPages.Razor.WebPageRazorHost.RegisterSpecialFile(System.String,System.String)">
      <summary>This type/member supports the .NET Framework infrastructure and is not intended to be used directly from your code.</summary>
    </member>
    <member name="M:System.Web.WebPages.Razor.WebPageRazorHost.RegisterSpecialFile(System.String,System.Type)">
      <summary>This type/member supports the .NET Framework infrastructure and is not intended to be used directly from your code.</summary>
    </member>
    <member name="P:System.Web.WebPages.Razor.WebPageRazorHost.VirtualPath">
      <summary>This type/member supports the .NET Framework infrastructure and is not intended to be used directly from your code.</summary>
    </member>
    <member name="T:System.Web.WebPages.Razor.WebRazorHostFactory">
      <summary>This type/member supports the .NET Framework infrastructure and is not intended to be used directly from your code.</summary>
    </member>
    <member name="M:System.Web.WebPages.Razor.WebRazorHostFactory.#ctor">
      <summary>This type/member supports the .NET Framework infrastructure and is not intended to be used directly from your code.</summary>
    </member>
    <member name="M:System.Web.WebPages.Razor.WebRazorHostFactory.ApplyConfigurationToHost(System.Web.WebPages.Razor.Configuration.RazorPagesSection,System.Web.WebPages.Razor.WebPageRazorHost)">
      <summary>This type/member supports the .NET Framework infrastructure and is not intended to be used directly from your code.</summary>
    </member>
    <member name="M:System.Web.WebPages.Razor.WebRazorHostFactory.CreateDefaultHost(System.String)">
      <summary>This type/member supports the .NET Framework infrastructure and is not intended to be used directly from your code.</summary>
    </member>
    <member name="M:System.Web.WebPages.Razor.WebRazorHostFactory.CreateDefaultHost(System.String,System.String)">
      <summary>This type/member supports the .NET Framework infrastructure and is not intended to be used directly from your code.</summary>
    </member>
    <member name="M:System.Web.WebPages.Razor.WebRazorHostFactory.CreateHost(System.String,System.String)">
      <summary>This type/member supports the .NET Framework infrastructure and is not intended to be used directly from your code.</summary>
    </member>
    <member name="M:System.Web.WebPages.Razor.WebRazorHostFactory.CreateHostFromConfig(System.String)">
      <summary>This type/member supports the .NET Framework infrastructure and is not intended to be used directly from your code.</summary>
    </member>
    <member name="M:System.Web.WebPages.Razor.WebRazorHostFactory.CreateHostFromConfig(System.String,System.String)">
      <summary>This type/member supports the .NET Framework infrastructure and is not intended to be used directly from your code.</summary>
    </member>
    <member name="M:System.Web.WebPages.Razor.WebRazorHostFactory.CreateHostFromConfig(System.Web.WebPages.Razor.Configuration.RazorWebSectionGroup,System.String)">
      <summary>This type/member supports the .NET Framework infrastructure and is not intended to be used directly from your code.</summary>
    </member>
    <member name="M:System.Web.WebPages.Razor.WebRazorHostFactory.CreateHostFromConfig(System.Web.WebPages.Razor.Configuration.RazorWebSectionGroup,System.String,System.String)">
      <summary>This type/member supports the .NET Framework infrastructure and is not intended to be used directly from your code.</summary>
    </member>
    <member name="T:System.Web.WebPages.Razor.Configuration.HostSection">
      <summary>Provides configuration system support for the host configuration section.</summary>
    </member>
    <member name="M:System.Web.WebPages.Razor.Configuration.HostSection.#ctor">
      <summary>Initializes a new instance of the <see cref="T:System.Web.WebPages.Razor.Configuration.HostSection" /> class.</summary>
    </member>
    <member name="P:System.Web.WebPages.Razor.Configuration.HostSection.FactoryType">
      <summary>Gets or sets the host factory.</summary>
      <returns>The host factory.</returns>
    </member>
    <member name="F:System.Web.WebPages.Razor.Configuration.HostSection.SectionName">
      <summary>Represents the name of the configuration section for a Razor host environment.</summary>
    </member>
    <member name="T:System.Web.WebPages.Razor.Configuration.RazorPagesSection">
      <summary>Provides configuration system support for the pages configuration section.</summary>
    </member>
    <member name="M:System.Web.WebPages.Razor.Configuration.RazorPagesSection.#ctor">
      <summary>Initializes a new instance of the <see cref="T:System.Web.WebPages.Razor.Configuration.RazorPagesSection" /> class.</summary>
    </member>
    <member name="P:System.Web.WebPages.Razor.Configuration.RazorPagesSection.Namespaces">
      <summary>Gets or sets the collection of namespaces to add to Web Pages pages in the current application.</summary>
      <returns>The collection of namespaces.</returns>
    </member>
    <member name="P:System.Web.WebPages.Razor.Configuration.RazorPagesSection.PageBaseType">
      <summary>Gets or sets the name of the page base type class.</summary>
      <returns>The name of the page base type class.</returns>
    </member>
    <member name="F:System.Web.WebPages.Razor.Configuration.RazorPagesSection.SectionName">
      <summary>Represents the name of the configuration section for Razor pages.</summary>
    </member>
    <member name="T:System.Web.WebPages.Razor.Configuration.RazorWebSectionGroup">
      <summary>Provides configuration system support for the system.web.webPages.razor configuration section.</summary>
    </member>
    <member name="M:System.Web.WebPages.Razor.Configuration.RazorWebSectionGroup.#ctor">
      <summary>Initializes a new instance of the <see cref="T:System.Web.WebPages.Razor.Configuration.RazorWebSectionGroup" /> class.</summary>
    </member>
    <member name="F:System.Web.WebPages.Razor.Configuration.RazorWebSectionGroup.GroupName">
      <summary>Represents the name of the configuration section for Razor Web section. Contains the static, read-only string "system.web.webPages.razor".</summary>
    </member>
    <member name="P:System.Web.WebPages.Razor.Configuration.RazorWebSectionGroup.Host">
      <summary>Gets or sets the host value for system.web.webPages.razor section group.</summary>
      <returns>The host value.</returns>
    </member>
    <member name="P:System.Web.WebPages.Razor.Configuration.RazorWebSectionGroup.Pages">
      <summary>Gets or sets the value of the pages element for the system.web.webPages.razor section.</summary>
      <returns>The pages element value.</returns>
    </member>
  </members>
</doc>