<block id="12" name="ПЕР" photoUri="per.jpg">
   <slides>
      <slide n="0" uri="per_0.png">
         Блок передачи предназначен для обеспечения предварительного усиления в тракте передачи, преобразования в режиме Б линейного сигнала полосой частот 11-119 кГц в сигнал с полосой частот 125-233 кГц, а так же для ввода в тракт передачи токов линейных контрольных частот, токов НУП, сигналов телеконтроля и постанционной служебной связи.
      </slide>
      <slide n="1" uri="per_1.png">
         Назначение усилителя У2 такое же, как и У1 в блоке РФ для уменьшения коэффициента несогласованности на входе блока ПЕР.
      </slide>
      <slide n="2" uri="per_2.png">
         Усилитель УС 12-252 предотвращает чрезмерное снижение уровня сигнала в тракте передачи, повышая его шумовую защищенность. Рабочее усиление равно 19 дБ. Относительный уровень сигнала на выходе усилителя равен 27,5 дБ.
      </slide>
      <slide n="3" uri="per_3.png">
         Сигналы линейных частот 16, 32, 64, 104 кГц контрольных частот НУП 2 и 117 кГц, постанционной служебной связи 108,6-111,7 кГц, постанционного контроля 113, 115 кГц и участкового телеконтроля 117, 119 кГц вводятся в тракт передачи с помощью дифсистем ДС1 и ДС2.
      </slide>
      <slide n="4" uri="per_4.png">
         В режиме Б в тракт передачи включается линейный групповой модулятор ЛГМ и полосовой фильтр ПФ 125-232ПЕР, выделяющий используемую боковую полосу частот сигнала после ЛГМ. Для уменьшения АЧ искажений, вносимых фильтром, в рабочей полосе частот 125-232 кГц, применен амплитудный корректор АК.
      </slide>
      <slide n="5" uri="per_5.png">
         В режимах A, П-301, П-302 вместо ЛГМ, АК и ПФ 125-232 ПЕР включается эквивалентный по затуханию удлинитель У4 (7±1 дБ). Кроме того, в режиме П-302 изменение уровня передачи (минус 0,9 дБ вместо минус 2,2 дБ) производится путем выключения удлинителя У3 с затуханием 1,3 дБ с помощью переключателя режима работы.
      </slide>
   </slides>
</block>